 , smla**** , 얼마 받고씀? , 80 , 4 , Sun May 16 21:15:04 KST 2021 
 , real**** , 그냥 디스커버리나 네셔널지오그래픽처럼 이름 빌려서 장사하는거야 우리나라 사람들 허영심을 이용하는거지 , 70 , 3 , Sun May 16 21:15:04 KST 2021 
 , sooh**** , 진짜 코닥에서 나오는 옷 아니고.. 한국 의류 회사에서 이름만 사다가 만드는 옷^^ , 34 , 0 , Sun May 16 21:15:04 KST 2021 
 , jdra**** , 솔직히 이게 이쁜가?? , 18 , 8 , Sun May 16 21:15:04 KST 2021 
 , bign**** , 설마 요즘에도 이런 기사 읽고 혹해서 가맹계약하는 사람이 있으려고 , 11 , 1 , Sun May 16 21:15:04 KST 2021 
 , jimm**** , 이영욱 기자님 하이라이트에 얼마나 돈받으셧나요? 입고찍으면 사진이 잘나와?? ㅋㅋㅋ 홍보팀서 써준멘트 그대로 쓰셧군요 ㅋㅋㅋ 이게 기업 홍보 보도자료인지 기사인지 ㅉㅉ 기레기 소리듣죠 그니까. 코닥이라는 필름 브랜드랑 아무런 연관이 없어요 여기 옷들은. 국내기업이 kodak에 돈좀 주고 브랜드이름을 한국에서만 사용 가능하게해거 국내 라이센스비만 조금 내고 국내서만 판매 가능한 옷입니다. 폭리도 적당히 취해야지 여기 옷들 말도안되는 가격붙여서 팔더라구요 ㅋㅋ 먼가 미국 kodak인척 하면 호갱들이 좋다구 사줄줄알고 ㅋㅋㅋ 사기꾼들 , 4 , 0 , Sun May 16 21:15:04 KST 2021 
 , jimm**** , 5천원짜리 티셔츠를 6만원에 팔더라 ㅋㅋㅋ 코닥이랑 아무상관없이 망한회사 로고 사용료만 내고 한국서만 옷만들어 파는ㅋㅋㅋ 한국 회사에서 kodak에 돈주고 하는건데 외국선 먼지도모름ㅋㅋㅋ 외국갓더니 ebs kbs 옷입고 다니는꼴임ㅋㅋㅋ 한국 중소기업들이 디스커버리랑 내셔널지오그래픽 이름만 빌려와서 돈 개마이버니까 코닥이고머고 별게 다 생기네ㅠㅋㅋㅋ , 3 , 0 , Sun May 16 21:15:04 KST 2021 
 , cl79**** , 디스커버리 채널, 넷지오 채널 애청자인데. 방송사명 써진 옷 보면 그냥 어이없음. 우리도 삼성,현대, LG, EBS, SBS, KBS, MBC 이름 박아서 의류 잡화 브랜드 런칭해라.난 EBS 교육방송 사서 입을거임 , 3 , 0 , Sun May 16 21:15:04 KST 2021 
 , hapu**** , 디스커버리 내셔널지오그래픽 코닥 이런거 외국 가서 입으면 직원 워니폼이냐고 물어봄. , 2 , 0 , Sun May 16 21:15:04 KST 2021 
 , kimo**** , 130년역사건 뭐던 패션쪽에서는 듣보잡이 잖아근데 가격이 어의없더라 , 3 , 2 , Sun May 16 21:15:05 KST 2021 
 , btea**** , 이름이나.좀 바꾸고 나오든지... 코닥는 패션이냐 머냐... , 2 , 1 , Sun May 16 21:15:05 KST 2021 
 , hsc2**** , 미국제품 , 1 , 0 , Sun May 16 21:15:05 KST 2021 
 , puso**** , 코닥? 그닥. 구닥. , 2 , 2 , Sun May 16 21:15:05 KST 2021 
 , tkfw**** , 이상한 브랜드 다 나오네 , 0 , 0 , Sun May 16 21:15:05 KST 2021 
 , step**** , 난 도저히 저런 옷은 못 입겠다!!! 코닥?? 어느나라 브랜드지? 일본거면 당연히 불매해야지!!! , 0 , 0 , Sun May 16 21:15:05 KST 2021 
 , mazy**** , 좋네 , 0 , 0 , Sun May 16 21:15:05 KST 2021 
 , kibi**** , 별로... , 0 , 0 , Sun May 16 21:15:05 KST 2021 
 , daki**** , 일본? , 0 , 0 , Sun May 16 21:15:05 KST 2021 
 , shar**** , 코닥겁나비쌈ㅋㅋㅋㅋ응안사~ , 0 , 0 , Sun May 16 21:15:05 KST 2021 
 , mhle**** , 오뚜기 티셔츠, SKT 패딩, MBN 바람막이에 롯데제과 슬리퍼 , 0 , 0 , Sun May 16 21:15:05 KST 2021 
 , rlat**** , 문재인. 넌 모든 주택소유자 를 투기꾼으로 몰아증세 처하니 너같으면 양도세 62. 72 프로 때려 맞고 파냐? ㅋㅋ 10년 20년 가지고 있던분들 그 이후 이런분들이 투기꾼이냐? ㅋㅋ , 865 , 42 , Sun May 16 21:16:49 KST 2021 
 , jose**** , 문재인씨는 임기중에 제대로 해낸 일이 아무것도 없네..ㅋㅋㅋㅋㅋㅋㅋㅋ 그것도 재주고 능력이다..ㅋㅋㅋ 존재가 무능력이네.. , 464 , 15 , Sun May 16 21:16:49 KST 2021 
 , kimj**** , 6월이후.. 절세매물거둠, 서울입주물량실종, 반포철거 이주 5천세대 수요 발생, 토지보상금 50조 시장에 풀림... 상상을 초월한 폭등이 나올듯 , 275 , 23 , Sun May 16 21:16:50 KST 2021 
 , xxpp**** , 조웁세 그까이꺼 전세 몇억올려 처리하고 월세 듬뿍받아 처리하는데 집주인이 무슨걱정 ?, 매물잠김으로 호가는 더오르고 집없는 사람들은 종부세를 집주인이 낸다고 착각하는데 고거이는 꿈꾸는 소녀같은 생각, 세입자만 죽어나는 정책일뿐이다 , 158 , 5 , Sun May 16 21:16:50 KST 2021 
 , owll**** , 종부세내면서버티겠다는건데정부입장에서는좋은거아닌가?세금많이걷고세금낼돈있으니 버티는거아닌가?금리도오르고 빚내서집산사람들만힘들겠네 , 119 , 12 , Sun May 16 21:16:50 KST 2021 
 , king**** , 삶은 소대가리에게는 소작두가 필요함 , 50 , 0 , Sun May 16 21:16:50 KST 2021 
 , vjos**** , 문재인 4년 박원순 9년 대한민국 주택시장은 개판이 되었다. 어느 누가 나서더라도 단기로는 해결 불가한 상태다. , 44 , 2 , Sun May 16 21:16:50 KST 2021 
 , unhy**** , 12월이 기대됩니다ㅋㅋㅋ 대선 앞두고 종부세 양도세 더 올리지는 못할 것이고 문정권은 집값에 불붙이고 강건너 불구경만 하고 있겠지요~~어떤 호구가 양도세 지방세 포함 칠팔십프로 내고 팝니까~~다주택자 매물 사라지고나면 불구경 볼 만하겠네요~~~ , 44 , 2 , Sun May 16 21:16:50 KST 2021 
 , past**** , 집 한채 오랫동안 갖고있는 보통사람들을 투기꾼으로 몰지 말아주시고, 양도세 대폭 내려주세요. 10년 넘게보유중인데.. 다른곳으로 가려해도 팔수가 없습니다.. 양도세가 과다하여 다 뜯기고나면 다시 벼락거지로 전락하여 집을 좁혀서 가야하는 신세이니까요... 제발 제발..! 오랫동안 집을 보유했던 사람들은 투기꾼이 아니니 양도세를 더 내려주세요.. 그래야 집값이 잡힙니다. , 35 , 2 , Sun May 16 21:16:50 KST 2021 
 , ysja**** , 이제 1년도 안 남았다. 대선 투표 잘하자. 민좃공산당만 빼고.. , 31 , 2 , Sun May 16 21:16:50 KST 2021 
 , youn**** , 진짜 너무 살기힘들다..울 동네는 그나마 저렴해서재작년엔 괜찮은 가격으로 전세 구했는데지금은 전세매물도 없고 좁아터진 구축 아파트들도지금 전세가격에 2배로 올랐고 하...이해가 안간다 진짜 투표한 내 손모가지 잘라야하나 하ㅜ , 29 , 1 , Sun May 16 21:16:50 KST 2021 
 , sns2**** , 어떻게 최순실 보다도 일을 못하냐. 진짜 좌파들 능력 대단하내 , 23 , 1 , Sun May 16 21:16:50 KST 2021 
 , pigg**** , 어차피 호가로 내놓는 매물 서민들은 살 수 없는 가격이니 신경 끈다. 버티기 많이 하시면서 종부세 내시고 국가 발전에 이바지 하시길! 🔥노동으로 따라갈 수 없는 집값 정상입니까? 집값정상화 시민행동 네이버 카페로 오십시오. , 49 , 29 , Sun May 16 21:16:50 KST 2021 
 , jacd**** , 매수자가 없는데~ 매물이 잠기는개 무슨 의미가 있나? 살생각이 없는데~ " 난 안팔아~ 안팔거라구~ 안판다니까~ 절대로 안팔거야!!!!!! " 이정도면 코메디 아냐? ㅋㅋㅋ , 28 , 8 , Sun May 16 21:16:51 KST 2021 
 , tax3**** , 문죄앙 4년 박원숭이 9년 서울시 주택 정책 노무현이보다 더 망쳐나서 누가와도 수습하는데 이명박이때처럼 5년은 걸릴것이고 나라경제는 10년 후퇴할것임 , 19 , 0 , Sun May 16 21:16:51 KST 2021 
 , lkk1**** , 세월호 선장이 무능해서 학생들을 죽게한거나,문재인이 무능해서 전국민을 고통받게하는 것이나?누가 더 위선자냐?? , 18 , 1 , Sun May 16 21:16:51 KST 2021 
 , jsda**** , 신사의 외투를 벗기는 것은 강력한 바람이 아니라 따뜻한 햇빛이다. 이 번 정부의 머리에서 나올 수 있는 것은 규제 일변도의 정책 밖에 없으니 한심할 따름이다. 옛말에 돌다리도 두들겨 보고 건너라고 했다. 정책을 추진하기 전에 충분한 심사숙고와 시뮬레이션 좀 하고 추진해라. 과거 한게 우기고 생때 쓰는 것 밖에 없었으니...머리를 쓰라. 엉뚱한데 쓰지 말고.... , 17 , 0 , Sun May 16 21:16:51 KST 2021 
 , bsyo**** , 나도 다주택 보유자이지만..지금 부동산 보유세 강화 못하면 청년층 내집 마련 더 어려워지고 양극화 사회문제 심각해진다. 보유세 강화로 시장에 아파트 매물들이 쏟아져 나와야만 폭등한 부동산가격 내려갈수 있다. , 38 , 22 , Sun May 16 21:16:51 KST 2021 
 , rusa**** , 압구정,강남 아파트는 일반인들은 꿈도 못 꾸는 그들만의 리그야. 이동네 매물 줄었다고 전체 매물 줄었다고 그라 치지마 , 19 , 4 , Sun May 16 21:16:51 KST 2021 
 , liml**** , 집값 떨어진다던 역적전문가 들 주둥이 처닫고 동굴속 으로 들어 갔냐? , 15 , 0 , Sun May 16 21:16:51 KST 2021 
 , rhsu**** , 급이 있어서 면책특권은 준다구 칩시다 남은건 예우 갖춰서 추방이 답이군요 , 609 , 1 , Sun May 16 21:17:32 KST 2021 
 , hsj9**** , 면책특권이라고 죄가 없는건 아니다. 벨기에 법으로 처리하라는거쟎아. 벨기에 국가에 범죄사실을 이송해서 법적으로 처리하게 하고 법적인조치가 취해지지 않으면 밸기에는 법치국가가 아니라 할수 있으므로 대사관 철수시켜라. 법치국가도 아닌나라를 굳이 외교국가로 취부할 필요가 없다고본다. 외교는 국가와국민을 위해 하는것인데 국민에게 위해를 가하고도 면책받는 나라라면 굳이 외교를 할 필요가 없다고 본다. , 362 , 2 , Sun May 16 21:17:32 KST 2021 
 , ambr**** , 그럼 외교부가 벨기에 정부에 당신내 국적 국민이 대한민국 국민을 구타했으니 벨기에로 소환 조사및 처벌을 하라고 공식 공문을 보내야 하는거 아닌가? 안 보내면 피해자가 외교부 상대로 직무유기로 고소 해야 하고. 이런건 개인이 하기 어려우니 그 잘난 시민단체서 피해자 대신 정부에 해줘야 하는것 아닌가?? , 183 , 4 , Sun May 16 21:17:32 KST 2021 
 , ds30**** , 더러운X 이따위것이 대사 부인이라니,벨기에의 수준이 보인다 , 109 , 2 , Sun May 16 21:17:32 KST 2021 
 , puni**** , 벨기에 아니죠 짱깨죠. , 77 , 5 , Sun May 16 21:17:32 KST 2021 
 , stel**** , 벨~ 괴상한 에편네가 대사부인이라고? 저런 쓰레기가 대사부인이면 그 대사나 그 나라나 알만한 거지...추방해라~ 별 그지깽깽이 같은게 맞지도 않는 옷을 입겠다고 신발 신은 체로 난리 부르스라니...거기에 폭행까지? , 20 , 1 , Sun May 16 21:17:32 KST 2021 
 , az21**** , 벨기에를 참 좋게 생각했는데, 이번 일로 벨기에가 어떤 수준의 나라라는 것을 똑똑히 알게되었다. 벨기에 본국에서도 보고를 받았을텐데~, 대응하는 방법이나 수준이 전혀 납득이 되지않는다. , 15 , 0 , Sun May 16 21:17:32 KST 2021 
 , mozi**** , 추방이라도 하던가 촛불 부대라도 나서던가 대사 마누라가 중국인 이라서 정부에서 대응을 못하는건가? 대한민국 땅에서 국민이 짱꼴라한테 폭행 당해서 뉴스까지 나왔는데 이렇게 끝나? , 15 , 1 , Sun May 16 21:17:32 KST 2021 
 , jang**** , 추방시키면 되겠네!!! , 14 , 0 , Sun May 16 21:17:33 KST 2021 
 , rain**** , 제대로 된 사과하지 않는 이상 벨기에 제품 불매운동 벌여야할듯.초콜렛이랑 맥주 등등. , 12 , 1 , Sun May 16 21:17:33 KST 2021 
 , mysi**** , 이 사건을 그대로 넘어가면 우리나라를 얼마나 우습게 볼까? 강대국들이 잊을만하면 힘을 끊임없이 과시하는덴 다 이유가 있다. 국격이 더 떨어지기전에 저 여자 추방 시켜라! , 11 , 1 , Sun May 16 21:17:33 KST 2021 
 , brav**** , 이번 일로 벨기에를 검색해 보았는데 예로 부터 벨기에는 좋은 나라는 아니고 흑인노예 손자르고 아무튼 덕분에 잘 알았습니다 면책 특권 가지신 벨기에 대사 부인님 , 10 , 0 , Sun May 16 21:17:33 KST 2021 
 , hide**** , 우리나라 벨기에 대사부인도 벨기에 옷가게 가서 김치 사따구 부탁드립니다....영사님도 괜찮을듯 , 8 , 0 , Sun May 16 21:17:33 KST 2021 
 , hung**** , 이건 벨기에 외교부 문제임. 당장 외교관 해임시켜서 면채특권 상실시키는게 정상 아님? , 8 , 0 , Sun May 16 21:17:33 KST 2021 
 , gesu**** , 북한에 대한민국 공무원이 총격 사살되어도 아무말 못하던 나라입니다. 뺨 한대 맞은걸로는 명함도 못 내밀지요. 참고로 벨기에가 인종차별 굉장히 심한 나라입니다. , 9 , 2 , Sun May 16 21:17:33 KST 2021 
 , aalt**** , 치료비와 위로금도 없나? 국민이 타민족에게 수모 당해도 되나봐...과연 국회의원이 따귀를 맞아도 같나요? , 7 , 0 , Sun May 16 21:17:33 KST 2021 
 , 88na**** , 추방해라 , 7 , 0 , Sun May 16 21:17:33 KST 2021 
 , keli**** , 면책특권을 사용했다면. 추방은 해야겠지요 , 7 , 0 , Sun May 16 21:17:33 KST 2021 
 , katg**** , 이 여자를 처벌 못하면 폭행당한 우리국민은 어떻게되는가. 보상도 못받고 당하고만있어야되는건가. 참 한심하고 웃기는 현상이다. , 6 , 0 , Sun May 16 21:17:33 KST 2021 
 , hy93**** , 벨기에 국가이미지 추락. 적어도 한국인에게는. , 6 , 0 , Sun May 16 21:17:33 KST 2021 
 , cjst**** , 더워죽겠는데 얘들 마스크 씌우고 장난하냐!!! 내가 다 숨막힌다 , 132 , 19 , Sun May 16 21:17:57 KST 2021 
 , isay**** , 전면등교가 .바람직하지만 최근 학교 매개 확산이 증가하는 추세라 신중한 추진을 부탁드립니다. . . 온라인 수업으로 인한 학력 격차 심각하네요. 애들 학력도 걱정 건강도걱정. . . 집단면역이 조기달성되길. . . , 70 , 6 , Sun May 16 21:17:57 KST 2021 
 , kyk9**** , 책임지지도 못할말 꺼내지도마라! 애들간 코로나 확산되면 진짜 부모들 가만있지 않을거다 내가 걸리는거랑 애들이걸리는거랑은 천지차이니까 , 70 , 14 , Sun May 16 21:17:57 KST 2021 
 , scal**** , 좀 더 신중히 상황을 지켜보고 결정해주세요. , 42 , 3 , Sun May 16 21:17:57 KST 2021 
 , yok7**** , 절반이나 2/3가 정답이다 , 40 , 6 , Sun May 16 21:17:57 KST 2021 
 , youn**** , 고구마천만개먹은거처럼 답답하게 일하는 교육부 정부 2학기 전학년매일등교 미쳤구나 지들일 아니라고ㅡ 학교에서 학생확진자 나와도 그나마 다행인게 온라인수업으로 다른학년이 겹치지않아 많은 피해를 줄이고 그랬는데제발 생각좀 깊게 해주세요 , 24 , 0 , Sun May 16 21:17:58 KST 2021 
 , pha0**** , 3월 새학기 이후 학생 교직원 확진자가 약 4천여명이라고 그리고 확진자 나왔던 학교에서 몇주 몇개월 지나 또 확진자 나오기도 하고 검사에 자가격리에 이게 뭔짓인지 그리고 이 시국에 타지역으로 버스 대절해서 체험학습 간다고 하고 학생 단체 건강검진으로 병원 방문하라 그러고 아무런 대책도 없이 언제까지 말장난만 칠래 무능한 유은혜야 , 19 , 0 , Sun May 16 21:17:58 KST 2021 
 , qkrt**** , 원격수업해도 따라올애들은 다 따라가더만..전교생등교는 오바임ㅡㅡ 우리아이학교에도 확진자가 다녀가서 난리낫었는데..백신도없는 초딩들은 어쩌라고.. , 17 , 2 , Sun May 16 21:17:58 KST 2021 
 , musi**** , 1학기 반도 안지났구만...강제등교 반대. , 17 , 2 , Sun May 16 21:17:58 KST 2021 
 , sea4**** , 아이반에서 확진자 나와서 자가격리중입니다... 아이들 확진되면 누가책임집니까?? , 12 , 0 , Sun May 16 21:17:58 KST 2021 
 , sunh**** , 초중 백신 없는거 모자라 전면등교?? 어이가 없네 ㅋㅋㅋㅋ 전면등교 하면 초중고 PC방 노래방 갔다가 학교에 가서 확진자 나오면 정부가 책임 줄거야??!!! 나는 정부 믿어는데.... 그렇게 무시 하네... 전면등교 하면 여름 때문에 에어컨 선풍기 틀면 열나고 거기에 마스크 까지 끼고 수업 하면 어떻게 될까요? 정부야? 정부과 교육부는 학생 확진자 1천명 나오면 사과해야지 아니면 초중고 10만원 재난지원금 주세요 그리고 교육청도 합의 안하고 전면등교 빨리 하거는 아니죠 , 11 , 1 , Sun May 16 21:17:58 KST 2021 
 , dgf0**** , 수도권은 변한건 아무것도 없는데..정말 답이 없다..어른들 때문에 불쌍한 아이들..경기도 서울은 아직 아니다.. , 9 , 0 , Sun May 16 21:17:58 KST 2021 
 , phsy**** , 아직도 700명 대인데 전면 등교가 말이 되나?민주당 너희들은 정말 뇌가 없어;;그래 확진자 1000명 만들어놓고 또 등교중지하면 되지뭐...너희들이 잘 하는 짓이잖아???백신이나 잘 조달해왔음 국민들이 왜 이리 고생하겠냐?? , 9 , 1 , Sun May 16 21:17:58 KST 2021 
 , tjwj**** , 지금 학교 학원간 감염으로 인천은 확진자가 점점더 나오고 있습니다.전면등교는 어렵다 생각됩니다 , 8 , 1 , Sun May 16 21:17:58 KST 2021 
 , kimh**** , 백신접종 받지도 않은 학생들을 전면등교시킬 거였다면 학생들은 감염 되어도 된다는건가? 그동안 학생들이 치명률 높은 고령층 위해서 온라인 수업을 한거구나~~ 학생들 자신의 건강을 위한게 아니라 , 6 , 0 , Sun May 16 21:17:58 KST 2021 
 , k999**** , 장난치냐..????..확진자 100명 내외 일때 전면 수업 중지 시킨거 어쩔거냐..???...쑈 했다는 거지..? , 6 , 0 , Sun May 16 21:17:58 KST 2021 
 , dory**** , 안보내고싶다 진짜 부모속만 타들어간다 매일매일 불안함 , 5 , 0 , Sun May 16 21:17:58 KST 2021 
 , rlaa**** , 진짜 마스크 쓰고 우리학굔 운동장도 ㅈㄴ 넓은데 마스크쓰고 5바퀴 도는데 뒤지는줄...쌤 죽여버리고 싶음..그래놓고 지는 앉아서 마스크 벗고 전화질.. , 7 , 3 , Sun May 16 21:17:58 KST 2021 
 , jdh2**** , 또시작이네..욕만 먹고있으니 누가 또 시키는군..걍 아무것도 하지미라구요, .제발 , 5 , 1 , Sun May 16 21:17:58 KST 2021 
 , 1hel**** , 또 벌써부터 코로나 종식된거처럼 설레발 치지말고 상황을 봐가며 2학기를 준비하겠다는것도 아니고 답정너처럼 밀어부치기좀 하지마라 애들 걸리려서 일파만파 퍼지면 나들 발뺄꺼자나!!생각이란걸 하면서 일좀 해요 제발!!! , 3 , 0 , Sun May 16 21:17:58 KST 2021 
 , nuri**** , 호주사는 중국인의 관종 구라임 , 2420 , 67 , Sun May 16 21:18:21 KST 2021 
 , ddie**** , 중국은 이제 단어만봐도 짜증난다 , 459 , 28 , Sun May 16 21:18:21 KST 2021 
 , byun**** , 여기가 무슨 중국도 아니고 언론들이 참 이상한 것들만 갖다올리네. , 343 , 16 , Sun May 16 21:18:21 KST 2021 
 , nang**** , 중국인이라 믿음이 안가네 , 241 , 15 , Sun May 16 21:18:21 KST 2021 
 , risi**** , 점심 뭐먹지 , 195 , 5 , Sun May 16 21:18:21 KST 2021 
 , msgm**** , 기자님 낯선 외국어가 아니자나요... 발음이 호주 영어에서 아이리쉬 발음 바뀐건 가지고 낯선 외국어라니...어디서 사기를... , 133 , 2 , Sun May 16 21:18:21 KST 2021 
 , roda**** , 그런데 기사 제목이 왜 이래? 외국어가 술술 나오는거 아니잖아? , 35 , 0 , Sun May 16 21:18:21 KST 2021 
 , diaj**** , 중국인이라 안믿는다. , 29 , 1 , Sun May 16 21:18:21 KST 2021 
 , mati**** , ㅡ.,ㅡ 기자야 기자야 제목이 틀렸어. 이여자 상태는 쉽게 얘기하면 서울말씨만 쓰던사람이 수술받고 경상도사투리를 서울말보다 더 편하게 잘하게 됐다는거지. 모르는 외국어를 할수있게 되었다는건 아니지 , 27 , 0 , Sun May 16 21:18:21 KST 2021 
 , zap**** , 낯선 외국어라해서 무슨 인도말이라도 하는줄 알았네 엿같은 기자한테 제목보고 낚였어... , 21 , 1 , Sun May 16 21:18:21 KST 2021 
 , amur**** , 쑈하고 자빠졌네 관심종자들 진짜 답 없음 , 12 , 1 , Sun May 16 21:18:21 KST 2021 
 , bgoo**** , Family name 이 옌씨? 중국인은 거짓말을 하기 위해 태어난 민족임을 역사가 보여주고있다. , 4 , 0 , Sun May 16 21:18:21 KST 2021 
 , kwmo**** , 믿을 수 없는 호주사는 중공 여자의 이야기.. 다른 중공인과 같은 관심종자. , 4 , 0 , Sun May 16 21:18:21 KST 2021 
 , suga**** , 이 정도면 중국인 챤양글 아닌가?? 중국 기사 좀 그만내라. 강원도 차이나타운 무산 기사를 올려라. , 4 , 1 , Sun May 16 21:18:21 KST 2021 
 , leek**** , 미친소리도 정도껏해야 믿지 , 4 , 1 , Sun May 16 21:18:21 KST 2021 
 , high**** , 무엇보다 나쁜건 제목. 낯선 억양이 나온거지 낯선 외국어가 나온게 아니다. 호주랑 아일랜드가 다른 언어 쓰는 줄 아나보네 ㅋㅋ , 3 , 0 , Sun May 16 21:18:21 KST 2021 
 , byzo**** , 그냥 중국계관종 , 3 , 0 , Sun May 16 21:18:21 KST 2021 
 , crui**** , 전부 사실이다 쳐, 근데 왜 돈써가면서 "억양"을 바꾸려는데? 아일랜드 억양이 그렇게나 싫은가? , 3 , 0 , Sun May 16 21:18:22 KST 2021 
 , dd52**** , 종자가 짱깨라 전혀 믿음이 안가고 사기로 보임. , 3 , 0 , Sun May 16 21:18:22 KST 2021 
 , goll**** , 중국계인듯 해서, 자작나무 타는 냄새가 너무 남... , 3 , 1 , Sun May 16 21:18:22 KST 2021 
 , yyhh**** , 재앙이는 무사할성 싶어? 놀고들 있다 , 0 , 0 , Sun May 16 21:18:53 KST 2021 
 , mins**** , 문재앙도 범죄자라는걸 아니? 입좀 적당히 놀려 , 0 , 0 , Sun May 16 21:18:53 KST 2021 
 , do29**** , 무능함보다 실리챙기는게 낫습니다. 문재인 아웃 , 0 , 0 , Sun May 16 21:18:53 KST 2021 
 , rmfl**** , 너거보다 더더러울수있나싶다 사람을 몇이나죽인거고윤석열대선뽑히는날 보자 , 0 , 0 , Sun May 16 21:18:53 KST 2021 
 , star**** , 사실상 코인광풍이나 주식시장으로 청년들을 내몬것도 문재앙 정부 아님? 부동산 급등으로 청년들의 내집 마련의 희망을 앗아간 대통령 문재앙!! , 2 , 0 , Sun May 16 21:18:54 KST 2021 
 , scyo**** , 그때가 좋았는데, 이나라가 니꺼냐. 문쩝쩝이. 세균.조국.송철호.김경수.윤미향,추할멈박범개.이성윤이용구 천벌을받을것이다 , 0 , 0 , Sun May 16 21:18:54 KST 2021 
 , jsle**** , 너나 잘해라쬬다야 , 1 , 0 , Sun May 16 21:18:54 KST 2021 
 , mshw**** , 문재인 시대는 더욱 안 된다. , 0 , 0 , Sun May 16 21:18:54 KST 2021 
 , knba**** , 더빨당놈들은 하나같이 주둥이가 문제다 ...못배웠나??? 주옥같은 .... 작작해라 ㅠㅠ , 1 , 0 , Sun May 16 21:18:54 KST 2021 
 , rueu**** , "전북의 발전을 위해 국민의힘은 지난 4년 무엇을 했냐" 라고 4년동안 대한민국의 발전은 커녕 퇴보를 위해 힘쓴 정부의 국무총리하다 대통령하고 싶다고 때려친 자가 말했다. , 1 , 0 , Sun May 16 21:18:54 KST 2021 
 , kryo**** , 최악의 무능한정권 하루빨리 끝내야지 비젼이 없다 , 1 , 0 , Sun May 16 21:18:54 KST 2021 
 , 0419**** , 명박이가 범죄자시대인데 그놈이 능력은 더있었다 , 1 , 0 , Sun May 16 21:18:54 KST 2021 
 , sens**** , 개나소나 대통령 하겠다고 기어나오는 나라 , 3 , 0 , Sun May 16 21:18:54 KST 2021 
 , aecr**** , 세균덩어리 문제인시대 6.25전쟁은 난리도 아니다 , 3 , 0 , Sun May 16 21:18:54 KST 2021 
 , jbu7**** , 니들끼리 독립해라 에라이 , 1 , 0 , Sun May 16 21:18:54 KST 2021 
 , 2046**** , 고마해라 너들에게 나라 맡겼다간 나라가 파산하것다!..어어구 지겨워라!..민주화 세대는 꺼져주고 이제 젊은이들이 이끌어 갈께 , 4 , 0 , Sun May 16 21:18:54 KST 2021 
 , unex**** , 그럼 쩝쩝이는? 재명이형이 범죄와의 전쟁을 이어 갈 것이다. , 0 , 0 , Sun May 16 21:18:54 KST 2021 
 , woof**** , 내년이면 너의 주군과 함께 범죄자가 되지 않을까 싶다. , 3 , 0 , Sun May 16 21:18:54 KST 2021 
 , ssoh**** , 지금은 문죄인 대통령 시대인데? 죄인.. 죄인.. 내년이면 끝난다.. 너무 길게 느껴진다... 코로나만 아녔음 벌써 탄핵됐을거다... , 2 , 0 , Sun May 16 21:18:54 KST 2021 
 , vict**** , 재앙이 시대로 돌아가는 순간 파멸뿐이다. , 4 , 0 , Sun May 16 21:18:54 KST 2021 
 , jete**** , 맘이 뭉클합니다 참석하지 못했지만 응원합니다 아버님 힘내세요 국민들이 함께 살인자 가족 처벌과 부패한 공권력에 맞서 싸우겠습니다 , 659 , 39 , Sun May 16 21:19:21 KST 2021 
 , dong**** , 무슨....서초구 그러시면 안돼요ㅡ 유투브로 다 봤는데.... 경찰차 수십대로 길을 막았던데요ㅡ 평화시위하시던데... 그냥 어머님들이에요. 그러시지 마세여ㅡ 비오는 날 얼마나 답답하면 나오셨겠어요. , 478 , 10 , Sun May 16 21:19:21 KST 2021 
 , chic**** , 오죽하면 시민들이 거리집회로 나섰을까 정의와 공정은 있는가 가슴아픈 대한민국의 현실에 탄식만 나올뿐... , 286 , 5 , Sun May 16 21:19:21 KST 2021 
 , toma**** , 집회금지? 공무원들부터 하나같이 지키지않는것들을 웃기고 있다.니들이나 잘해라. , 155 , 4 , Sun May 16 21:19:21 KST 2021 
 , kitt**** , 견찰의 수사 의지가 애초부터 없어 보였음 , 125 , 11 , Sun May 16 21:19:21 KST 2021 
 , stct**** , 비가 이렇게나 내리는 날, 한강에 모이신 분들 제가 다 감사합니다. 사정 상 저처럼 가지 못했어도 상식적인 생각을 가진 국민 대다수 분들이 한 마음으로 정민군 부모님 응원하고 있습니다. 힘내세요. 끝까지 한 마음으로 관심 끊지않고 지켜보겠습니다. , 73 , 1 , Sun May 16 21:19:21 KST 2021 
 , wooy**** , 채증이 겁나면 비 오는날 거기까지 나갔을까? 유투브로 본 사람이 1만명이 넘는다. 괜히 일 키우질 마시길 ..서초 경찰서 , 69 , 3 , Sun May 16 21:19:21 KST 2021 
 , jin1**** , 진실을 숨기는모습이 얼마나 답답했으면 비오는 날씨에 500여명이 갔겠습니까 진실을 밝혀주세요 , 55 , 1 , Sun May 16 21:19:21 KST 2021 
 , 7rhd**** , 담주에는 십만명 모아 서초경찰서 박살냅시다 , 51 , 1 , Sun May 16 21:19:21 KST 2021 
 , mink**** , 서초경찰 수사 관계자 모두 고발 하고싶네요! , 51 , 4 , Sun May 16 21:19:21 KST 2021 
 , kiki**** , 웃기는게 이슬람 1000명 모여서 축제하는건 또 허용해줬다. 이게 나라냐? 코로나잡을 생각없고 서민죽일생각하지마라 중국사람들은 양도세하나없이 집사는데 대한민국국민은 거지만든다. 대한민국 국민이죽었다. 그것도 피어보지못한아이가 죽임당했다. 경찰은 머하냐. , 43 , 3 , Sun May 16 21:19:21 KST 2021 
 , yeo1**** , 하나라도 진실되게 수사했으면 저렇게 모일이유가 없었겠죠~왜 모였을까 정말 모르시나요 정말 답답합니다 , 39 , 0 , Sun May 16 21:19:21 KST 2021 
 , wave**** , 시민밀치는 영상 봤다. 막고. 시민 밀치는. 경찰들. 세상에 , 35 , 3 , Sun May 16 21:19:21 KST 2021 
 , keyk**** , 거의 동네 시민들이었어요~ 아이 손잡고 나온 젊은 엄마 아빠부터 대학생을 둔 중년 엄마 아빠들 , 그리고 할머니 할아버지들.. 모두 손정민씨를 자식처럼 생각하는 선량한 시민들이 모인겁니다~ 진상규명을 바라는 거구요~ 방송에서 해산하라고 5분~ 10분 간격으로 떠들어대서 잠시 참석하고 돌아간 시민들도 무척 많고요~ 거의 뚝뚝 떨어져서 안타깝게 지켜보는 평화로운 분위기였어요~ 단지 경찰이 시민을 함부로 대했을 뿐입니다 , 31 , 2 , Sun May 16 21:19:21 KST 2021 
 , seun**** , 경찰들ᆢ어디 몸싸움 할사람이 없어서ᆢ니들 엄마뻘이야ᆢ니들같은 아들 ᆢ정민이 불쌍해서 억울함풀어달라모인건데ᆢ그걸 뭐라해ᆢ욕나온다 , 30 , 3 , Sun May 16 21:19:21 KST 2021 
 , yunj**** , 비 오지않고 시간 알았다면 참여할 사람들 많을것같다 안타까운 젊은이의 죽음이 이토록 허망하니 안타까울 수밖에 온 국민이 관심갖는것같다~ , 29 , 3 , Sun May 16 21:19:21 KST 2021 
 , to_j**** , 응원합니다. 시간 질질 끌다 조사내용은 철통보안이고 무죄추정 운운하다 거기에 맞는 증거만 알려주고 유튜브에 보이는 몇 몇 이상한 cctv에 대한 시원한 답변 없이 얼렁뚱땅 넘어가고.. 왜 중요 40분에 대한 어떠한 증거도 못찾을까요? 왜 하필 정민군은 친구 외엔 아무도 없는 시간 때에 운명을 달리한 걸까요? 많이 이상하고 그냥 실족으로 종결하기엔 찜찜한 게 너무 많아요. , 27 , 1 , Sun May 16 21:19:21 KST 2021 
 , nala**** , 함께 합니다엄마들이 힘을 모읍시다 , 26 , 1 , Sun May 16 21:19:21 KST 2021 
 , et_m**** , 저 엄마들 건드리기만 해봐라! 진짜 다 들고 일어나는줄 알아라!!!. 구역질나는 냄새맡는 원숭이 장례, 반역자 백기완 장례도 감염병 위반. , 22 , 1 , Sun May 16 21:19:21 KST 2021 
 , anna**** , 라이브 봤는데 몸싸움 없었어요 코로나와 비가오는 상황에도 질서있게 평화집회해준 참석자들 감사합니다 진실규명 되길 , 22 , 2 , Sun May 16 21:19:21 KST 2021 
 , lak1**** , 역시 시대정신의 아이콘 윤석렬, 5.18 정신은 민주파괴 대깨문정권을 종식시킬 윤석렬 전총장으로 인해 계승 될 것임 , 95 , 35 , Sun May 16 21:19:51 KST 2021 
 , blue**** , 뼈가 있는 말 한마디... 역시 멋지구만요. , 46 , 9 , Sun May 16 21:19:51 KST 2021 
 , ewew**** , 윤석열 전검찰총장님 파이팅입니다 ㅎㅎ 이번에 문치매사태 계기로 진보든 보수든 문치매처럼 하면 망한다는것을 확실히 깨닫았습니다 ㅎㅎ 진보든 보수든 잘못하면 벌을 받는게 당연한거죠 문치매는 이나라를 최악의 부동산집값상승 경제파탄 청년실업 폭증 페미 남녀갈등 최악의저출산으로 나라 파탄낸 최악의 무능하고 내로남불 지도자입니다 ㅋ , 41 , 12 , Sun May 16 21:19:51 KST 2021 
 , ojm8**** , 애시당초 독재타도 민주화운동 한 사람이라면 박정희 전두환 욕 하는 것이 당연하고 그 사람들보다 더 사악하고 나쁜 독재 김돼지패밀리한테는 꼼짝 못한다는게 지금 정권 가진 인간들은 독재타도가 아니라 지들이 김씨일가처럼 선민정치 표방하면서 권력독재 하려고 한거임 특히나 자유라는 가치를 계속 지우려고 노력한 게 증거임 , 25 , 8 , Sun May 16 21:19:51 KST 2021 
 , iamr**** , 항상 응원합니다^^ , 12 , 7 , Sun May 16 21:19:51 KST 2021 
 , hilt**** , 본인이 하는게 독재인듯한데 ? 검찰독재아닌가? , 6 , 2 , Sun May 16 21:19:52 KST 2021 
 , kimd**** , 검찰 독재는??? , 5 , 1 , Sun May 16 21:19:52 KST 2021 
 , rala**** , 5.18 때 윤총장님 어디에 있었는지 또 어떠한 행동을했는지 궁금 하군요... , 4 , 0 , Sun May 16 21:19:52 KST 2021 
 , yjh9**** , 참..정치검찰놈들이 국정논란 야기하고 지들 권력유지 하겠다고 국민짐당과 기레기때들 작당질 해대면 헌법 유린 한거는 남일이더냐!?..참! 고약한 놈이로세.!? , 4 , 0 , Sun May 16 21:19:52 KST 2021 
 , saws**** , 대실망.....왜 518을 울겨먹나? , 4 , 0 , Sun May 16 21:19:52 KST 2021 
 , et19**** , 이사람이 한건 검찰공무원하다가 박근혜 정부때 죄천되고 문재인 정부가 검찰총장직 시커주고 오직 검찰조직에만 충성한다고 말하고 나왔지 그런데 대통령 깜이라고 나오고 있다 ㅋ 대통령되면 검찰총독부 검찰로 만들어서 과거 공안검찰처럼 툭 하면 억하고 죽는 사회로 만들어 줄건데 검찰조직에 충성해야지 ㅋㅋ , 15 , 12 , Sun May 16 21:19:52 KST 2021 
 , wate**** , 장모님 투자사기나 돌아보고 피해자구제에나 나서보세요,,,항상 내주변부터 챙기시오 , 6 , 3 , Sun May 16 21:19:52 KST 2021 
 , shim**** , 꼴깝을해라 이것두 기사라고 , 4 , 1 , Sun May 16 21:19:52 KST 2021 
 , ljha**** , 현정권은 역사상 가장 무능하고 독재스런정권임이 추후 역사가 증명할것같다~~ , 3 , 0 , Sun May 16 21:19:52 KST 2021 
 , sima**** , 전체주의와 독재 = 현 문재인 정부와 친중성향의 민주당을 의미함. , 3 , 0 , Sun May 16 21:19:52 KST 2021 
 , pado**** , 마눌.장모단속이나 잘하시고 야인으로 지내시는게 좋을듯. 당신도 별로 그렇게 깨끗하게 보이진않소. 지금이야 언론에서 띄워주지만 파보면 팔수록 언론도 돌아설거요. 좋은 변호사로 남는게 이미지에도 좋고 정치하고는 별로 안어울릴듯. 마눌과 장모사건 도저히 감당못할듯 , 4 , 2 , Sun May 16 21:19:52 KST 2021 
 , kjik**** , 지금이 젤 심한듯요~ 적절한 메시지네요~ , 2 , 0 , Sun May 16 21:19:52 KST 2021 
 , alch**** , 예 시대정신에 맞아요. 어떤 형태든 독재에 맞서야합니다 , 2 , 0 , Sun May 16 21:19:52 KST 2021 
 , wate**** , 아무나 누구나 입으로 지껄인다고 그것이 말이 되는것이 아니요 , 2 , 0 , Sun May 16 21:19:52 KST 2021 
 , shin**** , 너 검찰독재 , 2 , 0 , Sun May 16 21:19:52 KST 2021 
 , qhtm**** , 40-50 대 무주택자는 뭐가 되냐? , 801 , 20 , Sun May 16 21:20:51 KST 2021 
 , cong**** , 집값 올려놓고 집 사라거 떠미네.와ㅡ미친정부다 , 441 , 7 , Sun May 16 21:20:51 KST 2021 
 , 8879**** , 집 살 능력되는 사람들이 줄어드니.. 다시 집 살 사람들 양성해서 가격 처올릴 려고 하는구나~ㅋ , 189 , 1 , Sun May 16 21:20:51 KST 2021 
 , aozk**** , 전국민 빚쟁이만들기 , 159 , 5 , Sun May 16 21:20:51 KST 2021 
 , gumi**** , 청년, 신혼부부를 투기꾼의 총알받이로 만드는 구나. 투기꾼 총알 받이~ 집값이 또다시 폭등한다. 투기꾼에게 또다른 꽃길을 깔아주는 구나~ 양도세도 깎아 주겠지~ , 122 , 7 , Sun May 16 21:20:51 KST 2021 
 , risk**** , 박근혜가 빚내서 집사라고 했다고 씹어먹던것들이 민주당아니었나 그런데 LTV를 90퍼까지 해줄테니까 빚내서 집사라고 ? , 68 , 0 , Sun May 16 21:20:51 KST 2021 
 , ssm6**** , 대전에 사는 중학생.고등학생 둘을 둔 학부모입니다.청년. 신혼부부도 중요하지만 40.50대 학생을 둔 무주택자도 살려주세요.이년에 한번씩 아이 전학을 두고 괴로워 하는 대한민국의 학부모를 전세대란과 월세 폭등으로 부터 살려주세요. 제발 부탁드립니다. , 68 , 3 , Sun May 16 21:20:51 KST 2021 
 , ndon**** , 점점이정부가싫어진다창창한 청년 집주는게 먼저냐애들끼고사는 40-50대 무주택자가 먼저냐진짜 생각이 있는건지 똥만들었는지 , 51 , 0 , Sun May 16 21:20:51 KST 2021 
 , abcd**** , 오로지 선거 표만 계산하면서 정책을 만드니 나라가 이꼴이지. , 36 , 0 , Sun May 16 21:20:51 KST 2021 
 , ssm6**** , 학생 셋을 둔 40대 무주택자입니다.우리 40. 50대 무주택자도 살려주십시요 , 36 , 1 , Sun May 16 21:20:51 KST 2021 
 , yt_s**** , 집값을 내릴생각을해야지... 지들이 올려놓고 빚쟁이 육성하는 정책만펼치네 제발 근본 해결문제좀해라 주택문제는 공급늘려서 떨구면되고 저출산은 이상한 페미정책펼치지말고 신혼부부한테 혜택많이주고 주거안정화시켜주고 저출산문제라면서 남녀양극화갈등은 겁나불러일으키고 유례없는 집값 폭등만들어놓고 청년들 암울하게만들고 , 33 , 0 , Sun May 16 21:20:51 KST 2021 
 , zet5**** , 외국인이 집사는거 막고 다주택자 완화해서 집여러채가져야 안살고있는집 전세내놓게 하고 대출양을 늘리지말고 공급을 늘려서 가격을 잡으면된다 기본적인것도 안하고 헛짓거리만 쳐하니 나라가 이모양이지 , 32 , 1 , Sun May 16 21:20:51 KST 2021 
 , lyt7**** , 20 30 대 젊은세대들 인간 안됩니다, 모든 정부지원 없애야 나라가 바로 서고 미래가 보입니다. 알바에 청년지윈 받은거로 비트코인 말도 안돼는 도박이나 하고, 일은 안하고,저축안하고... , 37 , 8 , Sun May 16 21:20:51 KST 2021 
 , bios**** , 와 이제와서 표 얻겠다고 주접떠네진짜 양아치집단이네그럼 그전까지는 신혼부부 청년이 안보였나?설마 젊은층이 떠날줄 모르고 그짓꺼리 했던건가?정말 말도 안되게 지저분하고 이기적인 집단이네지금 코인에 빠진 젊은 층이 왜 그런지 모르는건가?희망을 준다고 해놓고 모든걸 다 망가뜨리니 한탕주의로 간거지휴... 아침부터 승질나는 뉴스를 보게되네요 , 28 , 0 , Sun May 16 21:20:51 KST 2021 
 , bs67**** , 쯔쯧! 또 눈앞에만 보는군!그럼 성실하게 살아온 40~50대 무주택인들은 어쩔건가요? , 23 , 0 , Sun May 16 21:20:51 KST 2021 
 , suks**** , 미친거 아닌가90%대출 어떻게 갚아나가라고.이 정부는 진짜 나라망하게하려나보다 , 22 , 1 , Sun May 16 21:20:51 KST 2021 
 , qhal**** , 왜 청년 신혼부부만 완화 해주는데~~ ㅜ우리같은 40대는 죽으라고?다신 안찍어주고프다 민주당~~ 절대지지자였지만 나한테 맞는 정책 하나도 없고 내가 알아서 지지정당 바꿀란다 굿바이 민주당~~~~~~~~~~ , 22 , 2 , Sun May 16 21:20:51 KST 2021 
 , roka**** , 여당을 지지하는 무주택 40대들은 이걸로 바보됐네...ㅎㅎㅎ , 19 , 1 , Sun May 16 21:20:51 KST 2021 
 , vlfz**** , 집없고 애키우는 4~50대는 인간도 아니냐?? 누가 봐도 더 급한사람들 아니냐? , 18 , 1 , Sun May 16 21:20:52 KST 2021 
 , mira**** , 2030세대 여론조사해보니 너무안 좋으니 대선에서 표 얻으려고 쌩쑈를 하네. 내로남불 적폐세력 문재인정권 , 16 , 2 , Sun May 16 21:20:52 KST 2021 
 , dbk1**** , 그래, 우리 나라도 세대교체 한 번 하자. , 222 , 19 , Sun May 16 21:21:15 KST 2021 
 , yebi**** , 보수를 사랑하는 그러나 정체되지 않고 변화를 ..그리고 젊음을 ..이준석 ..충분한 역량이 있고 잘할거라 믿습니다. , 98 , 14 , Sun May 16 21:21:15 KST 2021 
 , choi**** , 송열길 vs 이준석 ㅋㅋ 이준석 압승 그림나오네 , 40 , 2 , Sun May 16 21:21:15 KST 2021 
 , kim0**** , 그래 젊은 기수가 나와야 변화된 보수의 모습이보이지 , 41 , 6 , Sun May 16 21:21:15 KST 2021 
 , cncn**** , 정신들 차려라 , 18 , 4 , Sun May 16 21:21:16 KST 2021 
 , fort**** , 얘 처음에 나왔을때 나이도 어리고 하버드 학벌로 정치판에 치고들어간게 이상해보였는데, 굉장히 합리적이고 똑똑하다. 냄새나는 꼰대정치판에서 이런 사람이 많아져야 함 , 14 , 0 , Sun May 16 21:21:16 KST 2021 
 , deso**** , 준석이 잘 한다! 보수부터 시작해 이 고리타분하고 정신 못 차리는 한국정치 한 번 젊고 신나게 바꿔봐라! , 7 , 2 , Sun May 16 21:21:16 KST 2021 
 , adam**** , 국힘당이 살아날 수 있는 유일한 방법은 세대교체뿐이다.... , 5 , 0 , Sun May 16 21:21:16 KST 2021 
 , soun**** , 그래 깨어있는 젊은이로 세대교체 가자 . , 4 , 0 , Sun May 16 21:21:16 KST 2021 
 , twyo**** , 당대표 이준석!!!!!!!! 대통령 후보 윤석열 !!!!!!!!! 국민의 힘 정권교체 파이팅!!!!!!!!!! , 4 , 0 , Sun May 16 21:21:16 KST 2021 
 , sein**** , 최소한 나경원이 당대표 되는일은 없어야 이미지 쇄신이라도 했다고 보겠지... , 4 , 0 , Sun May 16 21:21:16 KST 2021 
 , 8354**** , 보수층 사람들이 어떻게든 유일하게 있는 국민의힘을 새롭게 바꿔봐야 한다고 여기는 분위기군요 , 4 , 0 , Sun May 16 21:21:16 KST 2021 
 , susu**** , 김무성 유승민이 바지 내세워 재기 할려고 언플 하는것뿐이야 , 4 , 1 , Sun May 16 21:21:16 KST 2021 
 , j789**** , 준석이 잘 한다! 보수부터 시작해 이 고리타분하고 정신 못 차리는 한국정치 한 번 젊고 신나게 바꿔봐라! , 4 , 1 , Sun May 16 21:21:16 KST 2021 
 , hoju**** , 나 60대 인데 이준석 지지한다.여기저기 눈치보느라 바른말도 못하는 기성정치인보다 훨씬 낫다 , 3 , 0 , Sun May 16 21:21:16 KST 2021 
 , dkei**** , 이준석 후보 싫어하는 사람의 특) 탄핵부정파 혹은 박사모, 홍빠, 안빠와 같은 특정 정치인의 맹목적 추종자 , 3 , 0 , Sun May 16 21:21:16 KST 2021 
 , leem**** , 젊은이여 파이팅^^~~나도 이제50대 후반을 달려가고 있지만 꼰대들은 조용하게 삽시다 , 3 , 1 , Sun May 16 21:21:16 KST 2021 
 , dhli**** , 나경원 주호영이 당대표되면 국민의 힘은 절대 안된다..예전 한나라당에서 못 벗어남. , 3 , 1 , Sun May 16 21:21:16 KST 2021 
 , kali**** , 준석이가 한번도 선거에서 당선된 적이 없는걸로 알고있는데,지지층이 많을란가 , 3 , 1 , Sun May 16 21:21:16 KST 2021 
 , rbgk**** , 꼭 1위로 당선되기를 , 2 , 0 , Sun May 16 21:21:16 KST 2021 
 , osin**** , 그리 자신있으면 이제 영업시간제한 먼저 풀어라. 니미이이이이 10시까지 사람들 오디가나 바글바글하다. 10시 시간제한이 무슨 의미가 있고, 니들이 그리 자신있어하니까 시간제한도 먼저 풀어라. 자영업자 언제까지 죽여가며 니들 방역 야기할래? 힘없는 자영업자가 니들은 만만하지? 선거 때 또 보자. 조용히 있지만 한번에 니들 보내주마 , 88 , 10 , Sun May 16 21:21:50 KST 2021 
 , nats**** , 너무 시기상조아닌가..변이 바이러스 대처는 어떻게 하려고요?아, 하긴 지금도 아무 대처 없지.. , 55 , 3 , Sun May 16 21:21:50 KST 2021 
 , ksh6**** , 오늘도 젊은 철원군인들 아제백신 맞고도 확진됐단다 도대체 인센티브 운운하며 치졸한 행태언제까지 꼴 ㄲ 떨거냐 ! 앞으로 50년간 민주당 안뽑는다 , 21 , 4 , Sun May 16 21:21:50 KST 2021 
 , ksh6**** , 참야비한정부다. 고급스런 안전한 화이자도 아니고,안전성떨어지는 위험한백신이라 무서워서 못맞는것 알면서 특히 중장년층이 ,,무슨 인센티브가 어쩌고 목숨가지고 장난치는사람들, 그러다 벼락맞아 죽을수도있다 , 17 , 2 , Sun May 16 21:21:50 KST 2021 
 , ngw4**** , ㅉㄲ때매 아시안 혐오범죄가 많기때문에 아직은 조심해야됨 , 8 , 1 , Sun May 16 21:21:51 KST 2021 
 , kyli**** , 백신맞아도 항체 안생겨서 확진되기도하던데 무슨근거로 저러지? 변이바이러스도 활개치고있는데.. 사람들이후유증 무서워서 안맞으니까, 맞추려고 발악하는 개수작으로밖에 안보이네..ㅉㅉ , 3 , 0 , Sun May 16 21:21:51 KST 2021 
 , hwan**** , 아임낫차이니즈티셔츠 꼭 입으시길 , 3 , 0 , Sun May 16 21:21:51 KST 2021 
 , dune**** , 돌파감염 ,변이는 어쩔건데?? , 3 , 0 , Sun May 16 21:21:51 KST 2021 
 , dhcr**** , 트래블 버블을 빨리 시행하는 거를 적극 찬성합니다 , 7 , 5 , Sun May 16 21:21:51 KST 2021 
 , sanc**** , 아제백신유도할려고애쓴다만 아제백신맞고 자가격리해제하면 다시번질것이다 , 6 , 4 , Sun May 16 21:21:51 KST 2021 
 , tota**** , 호주가 한국보다 확진자 많았던 적은 한번도 없고 호주는 한국이랑 트래블 버블 할 생각 있다는 기사나 입장을 한번도 얘기한적 없습니다. 호주는 한국을 모범 방역국으로 생각하지 않습니다. 자칭 모범 방역국인 한국 코로나 지역감염 3달간 0명인 호주와 함부로 엮지 말아주기 바랍니다. , 2 , 0 , Sun May 16 21:21:51 KST 2021 
 , ki03**** , 야 문죄인 니가 코로나 종식된다고 옥수수 떨어 놓고 지금 뭐야? 진짜 ㅆ ㄴ ㅅ ㄱㄱ. , 2 , 0 , Sun May 16 21:21:51 KST 2021 
 , sung**** , 큰일났네~대한민국 하루 600~700명 아직 확진인데.무슨 생각이지? , 2 , 0 , Sun May 16 21:21:51 KST 2021 
 , gucc**** , AZ는 해외에서 자가격리 안 풀어준대. 병사마 , 2 , 0 , Sun May 16 21:21:51 KST 2021 
 , frio**** , 집회도 허용해야지?? 해외여행도 가능한데 백신 맞은 사람은 집회도 허용해라~ 할수있겠나? , 2 , 1 , Sun May 16 21:21:51 KST 2021 
 , zzig**** , 코로나 앓고 항체 형성된 사람들에겐 프리패스를 줘라. 그들은 걸리지도 않고 악화도 안된다면서.. , 1 , 0 , Sun May 16 21:21:51 KST 2021 
 , popo**** , 한국에서 미국으로 입국시 백신 안 맞아도 자가격리 안 하는데,미국에서 백신 맞고 한국으로 입국시 자가격리 해야되는것이 상호주의에 맞는것인지.. , 1 , 0 , Sun May 16 21:21:51 KST 2021 
 , nami**** , 한국이 무슨 방역모범국? , 1 , 0 , Sun May 16 21:21:51 KST 2021 
 , chlt**** , 백신을 처놔줘야 귀국 면제를 받던가하지. 해외나갈 수 있는 인력들은 백신도 못맞는데 70세 이상 기저질환 사망 예정자들만 격리 면제되겠네. , 1 , 0 , Sun May 16 21:21:51 KST 2021 
 , good**** , 상대국가는요?? 가서 2주간 자가격리되면 여행끝인데요. Az괌 못가면 미국은 어찌괴나요? , 1 , 0 , Sun May 16 21:21:51 KST 2021 
 , kope**** , 창릉 조사해라 김포는 투기한 고위급이 없나봐 빙빙돌리며 립스비스하는거보니 , 274 , 7 , Sun May 16 21:22:24 KST 2021 
 , perp**** , 공청회 립서비스로 기만하더니 용산까지선심쓴다? 가지고 놀아라 국토부야. 김포검단이 당신들 장난감인가. 원안대로 서울직결!! , 152 , 32 , Sun May 16 21:22:24 KST 2021 
 , lis9**** , 집값 프레임 지겹다.니들 글로도 썼지? 직결은 언제 되는지 기약 없다고.국토부 권한이 아니라 민자사업자가 결정하는거라며~~결국 국민들 상대로 사기치는거냐?창릉 덮을려고....앞에서는 직결해준다는데 집값때문에 땡깡부린다 언플하고~~뒤에서 민간사업자한테 GTX D 직결은 의무아니라고 할거아나~~남의 눈에 눈물 나게하면 니들 눈에 피눈물난다~~각오해라 , 118 , 13 , Sun May 16 21:22:24 KST 2021 
 , accu**** , 한강신도시 계획해서 서민들 교통오지로 몰아 넣고..집값 급등시켜 전세값이 밀려 교통오지로 몰아 넣고..꼴량2량 있는 전철 그것도 정부지원없이 오로지 시민들 혈세로 만들어진 걸 이용해 출퇴근하라니..이거 좀 너무 한거 아니냐고!적어도 서울 직결 노선하나는 놔줘야 하는거 아니냐고!! , 122 , 19 , Sun May 16 21:22:24 KST 2021 
 , taeh**** , 애초에 한국교통연구원에서 어떤 근거와 현실을 파악해서 내놓은 계획 이었는지 조사해볼 필요가 있다. , 48 , 4 , Sun May 16 21:22:24 KST 2021 
 , hera**** , 창릉은 예타도 공청회도없이 GTX 역지정...김포는 예타값 충족되는 최적노선 갖다줘도 립서비스만 받고 패싱...그 뒷배경에 도대체 어떤 세력들이 있길래 무조건 GTX-B랑 엮여야 하는 것인가...정부는 대선이 두려우면 국토부 특별감사를 진행하고 썪은 무리들을 발본색원하라!!! 그리고 철도망의 계획에 대한 수치와 근거자료를 명명백백 투명하게 공개하라!! , 25 , 1 , Sun May 16 21:22:24 KST 2021 
 , true**** , 도대체 부천에는 뭐가 있어서 꼭 들려야 하는건지 궁금하다. 왜 여의도가는데 부천을 들려야하냐고.처음 약속대로 gtx,5호선 원안대로 연결하라 , 26 , 7 , Sun May 16 21:22:24 KST 2021 
 , seoi**** , 김포안사는데도 . 이건아닌거 같아요 ㅜ 창릉은 갑자기 왜 튀어나온거죠 서민이 집사기 힘든나란데 공무원들 투기때문에 창릉은 gtx주고 다른 지역시민들은 참으라는건가요 ㅜㅜ , 22 , 3 , Sun May 16 21:22:24 KST 2021 
 , sung**** , 국토야 국민을.바보로 아니? 지디 읍어도 된다. 창릉툭 까보자 어디한번 , 18 , 0 , Sun May 16 21:22:24 KST 2021 
 , kek5**** , 부천갈 이유없고 김포에서 검단 김포공항으로 연결 하남까지 직결하면 되는걸 부천 사업성 안되는걸 놓지못하고 자꾸 D노선에 엮는건지 해명을 해라 여의도 가겠다고 부천을 들러 돌아가는 이유가 도대체 뭔지부터 !!!! 5호선 연장안 계획은 왜 쏙 빼는거고? , 21 , 4 , Sun May 16 21:22:24 KST 2021 
 , yeom**** , 도대체 부천을 왜 지나야 하는지 이유좀 알려줘요!!! , 12 , 1 , Sun May 16 21:22:24 KST 2021 
 , film**** , 김포검단 불쌍한 시민의 교통문제가지고 이제 정치적인 장난은 치지 맙시다. 20 30대 젊은 김포검단시민입니다. 그들이 정치적으로 이용할만한 여유있는 사람들 아입니다. bc값 1.02나오는 gtxD원안으로 돌려놓으세요 , 11 , 1 , Sun May 16 21:22:24 KST 2021 
 , jjan**** , 경제성없는 B노선 살리기위해 또다시 김포검단 우롱하는구나 국토부는 3기신도시까지 챙겨주면서 2기신도시죽이는교통정책 책임져라 구린내나는창릉부터 조사하고 사업성없는B노선 취소하라 , 11 , 1 , Sun May 16 21:22:24 KST 2021 
 , xpzm**** , 9호선 연장하면 여의도 30분컷입니다~~김포검단 시민들 아이큐 테스트하세요??누구좋자고 비싼요금내고 여의도를 돌고돌아갑니까? 부천 비리 점점 명확해지네요???? , 10 , 0 , Sun May 16 21:22:24 KST 2021 
 , 80mi**** , 또 간보기 립서비스??더이상 안속는다 이ㄴ들아!!!국민을 개 돼지로 아는 ㄴ 들....내가 낸 교통부담금이나 돌려내라!!국가지정 2기 신도시인데...니들이 사기분양한거다!!교통지옥에 몰아 넣은거다!!! , 9 , 2 , Sun May 16 21:22:24 KST 2021 
 , dkfm**** , 인구증가 1위인데 수도권중 서울가는 중전철 0개인덴 김포뿐이다 서부지역도 교통망 확충해서 균형발전해라!! , 7 , 1 , Sun May 16 21:22:25 KST 2021 
 , joah**** , 집값프레임 씌우지 마십시오! 김포만 올랐나요? 다른 곳은 4억이 20억됐습디다! 거긴 지하철 몇개가 들어가도 괜찮고 김포는 명색이 2기신도시인데 철도 0개라 해달라는데 뭐가 이기적인겁니까? 김포는 영원히 부천만 가라는겁니까? Gtx-B 사업성 높이려고 수작질하는거 다 보입니다! 립서비스 스톱! Gtx-D 원안사수! 5호선연결! 김포시민도 국민이다! , 5 , 0 , Sun May 16 21:22:25 KST 2021 
 , eunk**** , 김포에서 부천 왜 연결하냐고 물었더니 이제 부천 지나 여의도 용산 삥 둘러 가랜다. 그것도 하루에 몇대나 다닐지 모르지.. 이걸 해법이라고 내놓은게 비아냥이 아니면 뭔가? 부천 가야만 하는 이유 말 좀 해줘봐. 지티엑스 비 사업성 안나오는 건 노선 내에서 알아서 해결하고 김포 끌어들이지 말라 , 4 , 0 , Sun May 16 21:22:25 KST 2021 
 , tsuk**** , 말같지도 않은 노선 집어치워라 , 4 , 0 , Sun May 16 21:22:25 KST 2021 
 , sg12**** , 이럴거면gtx 모두없애라 , 4 , 0 , Sun May 16 21:22:25 KST 2021 
 , avbv**** , 최저임금 급등시키고 물가도 폭등시키고 집값도 폭등 가즈야~~~ 일자리를 멸종시켜 사다리를 치워야 제맛이죠 ㅋㅋㅋㅋ 다들 이거 원하는거 같아서 적어봐요~ , 226 , 21 , Sun May 16 21:22:56 KST 2021 
 , eldk**** , 문재인 대선공약이잖아. 뽑았으면 대가를 치르는거지 뭐 , 94 , 2 , Sun May 16 21:22:56 KST 2021 
 , yosc**** , 월세오르고.최저임금오르고.툭하믄노동청고발한다고협박하고.자영업자다죽으라는겨?인간쓰레기들해도넘한다.자영업자다죽고없으믄좋것냐?미친정부~!! , 71 , 6 , Sun May 16 21:22:56 KST 2021 
 , gem0**** , 회사랑자영업자최저임금은달라야한다고봄 , 60 , 8 , Sun May 16 21:22:56 KST 2021 
 , jwle**** , 노조들 치킨집 사장해 봐라. 뒤에 숨은 비굴한 놈들. , 59 , 8 , Sun May 16 21:22:56 KST 2021 
 , thun**** , 사업자 여러분들 일도못하고 밥만 축내는 직원들 다자르고 기계사세요. 저희도 직원 20명 자르고 기계에 1.5억 투자후... 순이익이 크게 늘었습니다. 현재 국내최저임금이 세계에서 유일한 주휴수당 감안하면 세계1위수준입니다. , 37 , 1 , Sun May 16 21:22:56 KST 2021 
 , krea**** , 문정부의 가장 바보같은 짓이 바로 최저임금 억지폭등이다. 최저임금의 폭등으로 다른 여러 사업체에 영향을 미쳤으며, 전반적인 비용상승효과를 가져왔다. 상대적으로 말하면 돈의 가치를 문정부가 떨어뜨렸다는 거다. 게다가 지금의 코로나정국에서 수도 없이 나눠주고 있는 자금들. 이것들 역시 기존최저임금부분과 맞물려 현금의 가치가 폭락한 계기가 되었다. 이런 상황에 부동산은 상대적 가치상승을 가져왔고, 문정부의 어이없는 정책들로 부동산폭등사례를 유발했다. 문정권의 핵심에는 정말 이런 단순한 경제시장에 대한 생각을 하는사람이 단 한명도 없는듯. , 13 , 1 , Sun May 16 21:22:56 KST 2021 
 , eera**** , 현대차가 노조에 밀려서 8조 증설 공장을 미국에 짓는다고 하네요. 귀족노조가 이젠 미쳤나봐요. 젊은이들 일자리를 몽땅 뺏겼어요 , 5 , 0 , Sun May 16 21:22:56 KST 2021 
 , 1epi**** , 이번에는 동결해라 , 6 , 2 , Sun May 16 21:22:56 KST 2021 
 , kst7**** , 최저임금 오르면 무조건 좋은줄 아냐? 최저임금 오르면 그게 다 원자재 값에 포함되는거야. 이번정권 최저임금 급격히 오른후 식당밥값 봐라. 최저임금 노동자들은 물가가 올라서 별 차이가 없다. 큰 이득을 보는건 최저시급이 아닌 공무원, 대기업 정규직 그리고 거기에 속한 노조들이나 큰폭으로 오른다. 결국에는 알바생이나 비정규직 위한다는 명분으로 올리는거지 이들을 이용한 실질적인 임금 인상은 정규직만 해당되는거다 , 4 , 0 , Sun May 16 21:22:57 KST 2021 
 , tabl**** , 코로나펜데믹후 희생자가 나올수밖에없는상황인데 이정부는 확실히 자영업자를 타겟으로 어쩔수없이 자영업자가 희생당하니 완전히 손놓고 내려놓은상태임자영업자들 피해심각한데 초반에는 재난지원금으로 깔짝대더만 결국 코로나 1년넘고 피해막심한데 1 2달 월세정도 지원금이 전부임. 최악의 상황임시급은 물가대비 올라야한다만 일자리없는상황에서 시급올리면 더 심각해지는 상황인데 시급오르면 결국 물가 상승 직원감소 자영업 폐업으로 일자리감소 등등 최악을 더빨리 부추기는 꼴임 , 4 , 0 , Sun May 16 21:22:57 KST 2021 
 , jagp**** , .👹 최저임금은 공약한 뮨죄인에게 받아라... 우리카페 놀고 있다...일자리 사라지게한 그 죄인을 원망해라.. , 3 , 0 , Sun May 16 21:22:57 KST 2021 
 , ghos**** , 골목식당 봐라. 답이 나옴 , 3 , 0 , Sun May 16 21:22:57 KST 2021 
 , gaor**** , 우리나라 경제력 수준에 저 최저임금은 말이 안되는거지. 우리보다 1.5배 이상 경제력 높은 일본이 우리나라하고 비슷하거나 지역에 따라서 우리보다 낮다. , 4 , 2 , Sun May 16 21:22:57 KST 2021 
 , onyu**** , 최저임금급상승 주52간 반기업 친노조정책이 산업투자위축이 부동산 폭등의 1등 공신이다 , 2 , 0 , Sun May 16 21:22:57 KST 2021 
 , matc**** , 시문발재인 , 2 , 0 , Sun May 16 21:22:57 KST 2021 
 , curo**** , 코로나때문?? 요즘 빈가게 띠엄띠엄 보이더만... 아마 1인가계 아니면 가족가계 아니면 돈많은 사람들 한끼 10마넌짜리 아니곤 못버팀... 그 많던 백반집도 찾기힘들어짐..덕분에 여성 실업자 많이 는거 모르나?? 코로나가 아니라 자영업 써비스업에서 일할곳이 줄어든거.. 또 제대로 물가상승 할꺼다... 결국 없는사람만 고통스러워 진다.. , 2 , 0 , Sun May 16 21:22:57 KST 2021 
 , gaso**** , 정부는 그냥 공산당 마인드라 적당히를 몰라요. , 2 , 0 , Sun May 16 21:22:57 KST 2021 
 , zizi**** , 자영업자 좀 줄여야된다 물론 어쩔수없어서 하는사람도 많지만 포화상태 지난지 오래다 , 2 , 0 , Sun May 16 21:22:57 KST 2021 
 , core**** , 지금 최저임금 인상할 경제상황 전혀 아니잖아요.노동조합측에서 자기들 잇속만 챙기면 그만이라는 이기주의적인 생각은 결코 지지를 받지 못할거라고요.누울 자리를 보고 누우랬다고 지금은 그럴때가 전혀 아니라고요. , 2 , 0 , Sun May 16 21:22:57 KST 2021 
 , umpa**** , 그한놈 때문에 나라가 개판이다 개판이야 , 326 , 17 , Sun May 16 21:23:39 KST 2021 
 , ryuj**** , 알바비는 올랐지만, 결국 알바자리가 늘었냐? 알바가 필요한 청년들은 기회가 줄었고, 사업주들도 알바비 줄인다고 고생하고...대체 누가 행복한 최저시급인상이냐? , 263 , 4 , Sun May 16 21:23:39 KST 2021 
 , y332**** , 임금을 결정하는건 경제성장이다.전두환 시절 임금이 무려 300% 증가 했다.경제성장이 있었기에 아무런 문제가 없었다.지금의 임금인상은 중산층 자영업자를 거지로 만들어 정부지원금으로 살게해서 민주당이 영구집권하기 위한 악랄한 술책에 불구하다. , 169 , 3 , Sun May 16 21:23:39 KST 2021 
 , ashg**** , 박근혜 탄핵하고 신나서 맥주 돌리던 소상공인들 꼴 좋다 ..국수 말고 맥주 돌리고 축제분위기더니 축제의 정체가 장사지내는거였어 엌 ㅋㅋㅋㅋㅋㅋㅋ , 152 , 9 , Sun May 16 21:23:39 KST 2021 
 , neck**** , 일단 일자리가 있어야한다. 적은돈이라도 일자리가 넘쳐나면 사람구하기 어려워지면 시급도 알아서 오른다. 능력있으면 더받게되고 강제로 제한둔다고해서 일자리가 늘어나지않는다. 4년동안 실험 해봤잖아~~ 돈만 올린다고 생산성이 좋아지나 일자리가 많아지나 결국 높은 연봉받는 사람들만 그걸빌미로 더올려받지 소득격차는 더 벌어질수밖에 없지~~ 이건 누구나 생각해보면 아는건데.. 그렇게 안한건 귀족노조 눈치 본거고 표 받을려고 사탕발림 소리 한거지~~ , 92 , 3 , Sun May 16 21:23:39 KST 2021 
 , musc**** , 지금도 일자리 씨가 말랐다 만원??? ㅋㅋㅋ 두고봐라 실업율 어떻게 되는지 !!! , 16 , 0 , Sun May 16 21:23:39 KST 2021 
 , riac**** , 최저시급 오르는거,,,그래 오케이 한다.주휴수당 그딴걸 왜줘야 하는지 모르겠다.최저시급이 8720원에 주휴수당까지,,시급 1만원이 넘는다,,,심지어 3일하고 잠수타는 알바도 많은데..몇일 돈필요해서 일하고 잠수타는 무개념 알바비도 나가야하고..진짜 짜증난다.. , 17 , 2 , Sun May 16 21:23:39 KST 2021 
 , lega**** , 1917이라는 영화에 나오는 사회주의자들어 모습과 전혀다르지 않네요. 노동자 농민을 위하는 척 쇼하고 여론몰이하고 법만들고. 규제하고. 독재를 만들어가죠!! 마치 지금. 한국의 입시제도처럼 일부 기득권자들만의 리그가 만들어 지고 결국 가난하고 빽없는 사람들만 처참한 생홯이 기다리고 있습니다 , 14 , 0 , Sun May 16 21:23:39 KST 2021 
 , dhwj**** , 박근혜정부때 매년 최저임금인상율이 5~7%였는데 그 인상율대로 매년인상했으면 올해나 내년에 최저임금 만원되는거였음. 대선토론때 안철수와 유승민이 임기내 만원달성이 공약이었고 문재인과 심상정만 3년내 만원이 공약이었는데 지금봐라 어떻게됐나? 문재인이 민노총눈치보느라 무리하고 급격하게 올리면서 저소득층, 노인, 빈곤층 일자리만 전부 날라가고 최저임금만원은 그것대로 문재인임기내 물건너가버림. 애초에 최저임금인상이 저소득층위해 필요한 정책아니었어? 유승민이나 안철수가 대통령이었으면 우리사회전반에 아무런 충격파도 안주고 최저임금만원 무난하게 , 10 , 1 , Sun May 16 21:23:39 KST 2021 
 , wee3**** , 걱정말고 가족단위로 운영하세요 기존의직원 전부 내보내고요 , 10 , 2 , Sun May 16 21:23:39 KST 2021 
 , yell**** , 주 42시간 최저임금 그딴거는 공무원들 한테나 적용해라 벌지도 못하게 하고 직장폐쇄를 일으키는 🐕법이다 , 8 , 0 , Sun May 16 21:23:39 KST 2021 
 , hall**** , 지들 생각이 무조건 맞다는 식의 막가파식 정권. 이 정권에 기생한 족속들, 부역자들에게 내년은 심판의 해가 되리라 , 8 , 0 , Sun May 16 21:23:39 KST 2021 
 , so19**** , 정신머리업는.국개들.도통인기에만연연하고경제돌아가는길목도모르는것들이무슨나라일들을한다고하는지 , 7 , 0 , Sun May 16 21:23:40 KST 2021 
 , molt**** , 근데 다른 대통령 후보들도 죄다 공약은 시급 만원이엇는데 , 36 , 30 , Sun May 16 21:23:40 KST 2021 
 , eunj**** , 코로나로 영업제한 받고 매출줄었는데 이 시국엔 안올리는게 정답이지...요새 우리동네 식당도 손님도 별로 없는데...단지 건설현장에서 일하는 일용직 현장직 분들이나 상하차는 조금 올려도 된다 생각하는데...집단면역이 형성되고 경제좀 살때 최저임금을 논의해야지...지금은 아니다... , 6 , 0 , Sun May 16 21:23:40 KST 2021 
 , molt**** , 외국인 노동자들 임금기준은 따로 만들자. , 6 , 1 , Sun May 16 21:23:40 KST 2021 
 , jung**** , 일만 잘해봐라만원이 아니라 만원 할아버지도 준다그저 시간만 때우려는 알바한테 만원주기가 아까운거다 , 5 , 0 , Sun May 16 21:23:40 KST 2021 
 , daew**** , 진짜 씹민주적인 정권 ㅇㅈ, 백신정치도 실패했으면서 말만 번지르르 , 5 , 0 , Sun May 16 21:23:40 KST 2021 
 , kmv2**** , 인건비상승이 어떻게 돌아오는지 두고 봅시다~저또한 올해들어서 아르바이트 안쓰는 1인입니다.기존에 하루5~6시간 정도 쓰다가 매출도 떨어지고 알바비 5~6만원 아깝다 나도 그렇게 벌까말까하는데 좀 하다보니 이젠 적응되서 알바필요성이 없어졌네요 뭐 예전처럼 손님이 늘어나면 모를까... , 4 , 0 , Sun May 16 21:23:40 KST 2021 
 , ysmc**** , 법정최저시급은 3000원이 적절하다. 모든 근로관계는 계약이야. 일단 베이스를 3천으로 해놓고 업무분야 업무강도에 따라 고용주와 시급액 거래하면 되는거야. 편의점알바시급이 1만원 말이되냐? 홀서빙이 1만원? 카페 캐셔가1만원? 어이가 없네~ 자영업하는 애들 당해도 싼애들이 많다. 그저 대기업프차 까니깐 고대로 대깨문되더라 ㅉㅉㅉㅉ 자엽업이야말로 철저한 시장지상주의의 토대위에서 하는 사업이거늘~~~ 평생을 일안하고 주둥이로 이간질 교란행 ㅟ만 하던 것들 꾐에 놀아가 삶은소대가리 뽑은 애들아 제발 부탁인데 니들의 그 무지함 때문에 애꿏 , 4 , 1 , Sun May 16 21:23:40 KST 2021 
 , ysh6**** , 문재인 처럼 또 5-18 이용해서 대통령되려하네? 사골인가.. , 0 , 0 , Sun May 16 21:24:08 KST 2021 
 , bala**** , 역시!~아웃! , 1 , 1 , Sun May 16 21:24:09 KST 2021 
 , xaga**** , 그걸 이용한 공산 민주당것들이 싫은거지 .. , 0 , 1 , Sun May 16 21:24:09 KST 2021 
 , icm3**** , 무기를 들고일어난 눞욷 인데? , 0 , 0 , Sun May 16 21:24:09 KST 2021 
 , alok**** , ㅋㅋㅋㅋ ㅋㅋㅋㅋ ㅋㅋㅋㅋ ㅋㅋㅋㅋ ㅋㅋㅋㅋ ㅋㅋㅋㅋ ㅋㅋㅋㅋ ㅋㅋㅋㅋ ㅋㅋㅋㅋ ㅋㅋㅋㅋ ㅋㅋㅋㅋ ㅋㅋㅋㅋ ㅋㅋㅋㅋ ㅋㅋㅋㅋ ㅋㅋㅋㅋ ㅋㅋㅋㅋ ㅋㅋㅋㅋ , 0 , 0 , Sun May 16 21:24:09 KST 2021 
 , clio**** , Gr , 0 , 0 , Sun May 16 21:24:09 KST 2021 
 , momo**** , 응 빨갱이 미얀마 빨갱이 쓰바쓰바 한마디 해야지... , 0 , 0 , Sun May 16 21:24:09 KST 2021 
 , blue**** , 5.18 세월호는 분명 아픈 역사인게 맞다..하지만 이역사를 자신들의 이익을 위해 정치에 이용하는 인간들은 분명 없어져야 될거다.세월호의 규명이 무엇이 남았을까.배는 건져졌고 뮨재인 정부 4년이다.결론을 안내야 두고두고 우려먹지. 진실규명 얘기하는 쪽은 어떻게든 전정권의 꼬투리를 잡으려고 하는데 그렇다면 이번정권에 일어났던 수많은 사건들도 이번정권이 책임져야 되는거 아니냐..정말 편나누기 선동은 이번 정부가 최고인듯.. , 2 , 3 , Sun May 16 21:24:09 KST 2021 
 , chan**** , 석열군은 5.18때 뭐했나? 대학시절이 군부독재시대 였을것 같은데? 군부독재시절 떡검들은 독재자 앞잡이 아니었나? 석열군, 여하간 군대나 갔다와. 군대미필자야. , 4 , 8 , Sun May 16 21:24:09 KST 2021 
 , teba**** , 똥냄새난다. 구린분들은 조용히실기 , 1 , 1 , Sun May 16 21:24:09 KST 2021 
 , port**** , 장모 부인 동훈 수사받는데 대선나온다고..........개털리겠네...ㅎㅎㅎ , 4 , 2 , Sun May 16 21:24:09 KST 2021 
 , kih1**** , 윤석열이 잘한다 , 4 , 1 , Sun May 16 21:24:09 KST 2021 
 , kbsp**** , 처가는 사기꾼집안이고나베 남편 김x호 판사가 면죄부준 판사잖아윤가 장모 54억원 쳐드시고 무죄 돈떼인 사람은 환장하지. 윤가 마누라는 니 상사인 부장검사 내연녀에니와 삼각관계 니상사 언론에 지금 니 마누라와 스캔들 나자 퇴직하고 같은 아파트에 살든니가거시기하다 기자에게 잡히자 결혼한단 공표하고지금 살잔아 니장모와 니마누라 사기쿤이잖아니마누라 애기 미국 유학시절 나베 아들 김한조와같은 집에 기숙했지 만약니가 대통되면 사기꾼 마누라 장모에 대리고온아들 뭐 어떻게 되나나라가 개판이다사기꾼과 검찰의 만남 이민가자 , 4 , 6 , Sun May 16 21:24:09 KST 2021 
 , zeno**** , 문딩이 토착왜구들 이제 어쩌나...ㅋㅋㅋ , 0 , 0 , Sun May 16 21:24:09 KST 2021 
 , oror**** , 더불어추접은민주당은 전라도 사람들아니면 죽는줄안다 전라도 사람들도 이제는 지역 갈등을 떠나서 올바른 사람으로 정권교체를 해야한다 , 2 , 0 , Sun May 16 21:24:09 KST 2021 
 , viva**** , 응원은했었는데.. 왜 안어울리지? , 0 , 0 , Sun May 16 21:24:09 KST 2021 
 , wjdf**** , 윤석렬이 "기회는 평등, 과정은 공정, 결과는 정의로울 것" 이러면 재밌을듯 , 0 , 0 , Sun May 16 21:24:09 KST 2021 
 , jaey**** , 당신이 518 운운 하니 너무 어색하네요. , 4 , 2 , Sun May 16 21:24:09 KST 2021 
 , oror**** , 윤석렬님 부디 나라의 큰 일꾼이 되셔서 허울쓴 민주주의를 벗어버리게하고 엉망이된 헌법을 다시 바로 잡아주시길 바랍니다 , 3 , 1 , Sun May 16 21:24:09 KST 2021 
 , cgm6**** , 순간폭망이다ㅠㅠ , 2 , 0 , Sun May 16 21:24:09 KST 2021 
 , leee**** , 그러면 경찰 수사 왜 이래요? , 3 , 0 , Sun May 16 21:25:14 KST 2021 
 , ooni**** , 뭔가 합의금 노리고 일부러 사람들 성질 건드리는 몇몇 있는듯 하다....근데 본인이 금수만도 못한말 쓰고 다녀서 욕먹은거면 상황이 그리 맘대론 안될텐데 그냥 얼굴만 팔려서 본인이 현생 망치는수도 있으니 그런거 하지 마세요 , 0 , 0 , Sun May 16 21:25:14 KST 2021 
 , shin**** , 이제 언론플레이까지하는구만 저살인자놈들 좌빨100%임 , 0 , 0 , Sun May 16 21:25:14 KST 2021 
 , abcy**** , 선동. , 0 , 0 , Sun May 16 21:25:14 KST 2021 
 , swy8**** , 견찰의 존재이유와가치가 전혀없다는얘기 견찰이없는게 국민들에게백번 유익하다는것을 입증하는것이다 , 1 , 0 , Sun May 16 21:25:14 KST 2021 
 , fpdl**** , 오늘따라 이런기가 도배하네요 이런거 하나도 궁금하지 않아요 풀리지 않은 의혹만 수사를 잘해주세요 , 3 , 1 , Sun May 16 21:25:14 KST 2021 
 , ymy0**** , 경찰서장 정도가 아닌 그이상의 권력을 가진자와 연관되어 있을거다. , 5 , 1 , Sun May 16 21:25:14 KST 2021 
 , back**** , 루머면 니들이 취재를 해서 사실확인 기사를 써 기레기 바퀴야 , 3 , 1 , Sun May 16 21:25:14 KST 2021 
 , prei**** , 혹시 정치권 세력이 신발친구 가족인가? , 2 , 0 , Sun May 16 21:25:14 KST 2021 
 , hyeo**** , 경찰이 아니면 로펌 가신건가요? 말장난하지마세요. , 2 , 1 , Sun May 16 21:25:14 KST 2021 
 , wodu**** , 아줌마들 범죄드라마 좀 그만 봐요!!!!!! 좀 기다려봐요. 확실한 증거도 없는데 사람하나 보낼려고 작정하네 , 4 , 9 , Sun May 16 21:25:14 KST 2021 
 , mrah**** , 그게 아니라면 너네도 팩트를 대봐 !!! , 4 , 0 , Sun May 16 21:25:14 KST 2021 
 , heis**** , 물타기 기사들 엄청 나오네...양심없는 기자들...사건 본질에 대해선 관심없다...기자 쓰레기들... , 6 , 0 , Sun May 16 21:25:15 KST 2021 
 , sug9**** , 든든한 배경 아니고 이렇게 보호할순 없지 안개수사를 하니까 이런말이 도는거지 , 6 , 0 , Sun May 16 21:25:15 KST 2021 
 , song**** , 웃기고 자빠졌네~ 수사나 똑바로 해라~ 가족조사 다시하고 명확히 제시해라 경찰차는 누가 불럿으며 6대는 무슨일로 온것이냐?? A씨는 친구폰을 왜 봤으며 부모님은 새벽에왜 온것이냐?? 의문 투성이 , 10 , 2 , Sun May 16 21:25:15 KST 2021 
 , hhm9**** , Cctv에 살인마와 다른 애 3명이서 망보면서 사람 옮기는거 다 나왔던데 경찰은 뭐하는 건지! 청와대가 배후라는 사실 맞음? 10만 청원된 이선재 학생 죽음은 얼른 접수하고 호다닥 달려가서 숟가락 얹고 사진찍고 청와대 게시판에 올리고 자랑질하고 , 정민군은 45만 청원인데도 접수조차 안하고 생까고 있다. 문재인이 민식이나 이선재군 죽음등 애들 죽은걸로 숟가락 얹기 전문인데 이번 사건 뭉개는거 보면 뭔가 있다. , 7 , 2 , Sun May 16 21:25:15 KST 2021 
 , ccol**** , 이걸 쓴 기자는 또 어떤 뒷돈을 받았을까.. , 4 , 0 , Sun May 16 21:25:15 KST 2021 
 , zpfl**** , 제2의 버닝썬이냐 , 4 , 0 , Sun May 16 21:25:15 KST 2021 
 , fs33**** , 수사를 제대로 안하니 이상한 루머가 자꾸 생기는것 아니냐 왜 명백한 정황들에대한 수사가 더디냐고 이 썩은 견찰과 어용 기레기들아 , 5 , 0 , Sun May 16 21:25:15 KST 2021 
 , jinl**** , 이런기사 백개 천개를 써도 이젠 국민들의 의혹은 더 커질것이다. 불씨만 당길 뿐이라는거다. 스스로 부정 부패를 옹호하냐?? , 5 , 0 , Sun May 16 21:25:15 KST 2021 
 , perf**** , 강남에 직결? 왜? 수지타산 안나오는 걸 왜 해줌?....... 부산처럼 예타 안나오면 하지마라.... 그것이 정의다!!!! , 636 , 261 , Sun May 16 21:26:39 KST 2021 
 , park**** , 이 "김부선"이라는 표현 좀 안쓰면 안될까? 이재명 아저씨 경기날 것 같아서리..ㅋㅋㅋㅋㅋ , 300 , 12 , Sun May 16 21:26:39 KST 2021 
 , pure**** , 결국 떼쓰면 그게 최고다. 떼쓰면 다되는 떼한민국이네 , 463 , 198 , Sun May 16 21:26:39 KST 2021 
 , pink**** , 골드라인은 5호선 한 칸 크기입니다 또 왜 부천을 경유해서 B 노선에 물타기를 하시는지... 그쪽에 투기라도 하셨나요??교통망 안 만들어 주실거면 제 3 신도시도 만들지 마세요..그리고 서울 집값 잡으려면 위성 도시를 잘 구축해야 하는데 교통은 망은 커녕 투기꾼들만 득실득실 합니다....이젠 나랏일하시는분들도 못 믿겠네요 , 224 , 21 , Sun May 16 21:26:39 KST 2021 
 , mete**** , 저러면서 집값잡겠다고? ㅋㅋ 강남을 계속 발전시키면서 강남에 세금폭탄 떄려봐야 꿈적이나 하겠냐? 집값은 알아서 올려주면서 ㅋㅋㅋ 일부러 저러나? 지들 강남산다고 , 177 , 18 , Sun May 16 21:26:39 KST 2021 
 , ssyk**** , 김포. 검단은 지옥철에 시달려도~ 출퇴근에 두세시간씩 걸려도~ 마치 외딴섬처럼 아파트만 잔뜩 지어놓고 외면받아도~ 수도권 쓰레기를 30년동안이나 몽땅 갖다 버려도~~~~~ 선거철만 되면 몰표가 나오니....... 이렇게 쉬운 동네~ 무시해도 좋은 동네가 더 이상 어디 있겠나~~~~~ 지금 저걸 아이디어 랍시고 내놓은 철밥통들을 한번 봐라~~~~~ 개무시도 이런 무시가 어디 있냐~ , 89 , 9 , Sun May 16 21:26:39 KST 2021 
 , reds**** , 집값 때문에 지롤들이지 GTX언제 완공될줄 알고 무슨.. 저거 타고 출퇴근 하기전에 다들 퇴직할텐데 , 168 , 96 , Sun May 16 21:26:40 KST 2021 
 , qusc**** , 아니 gtx d노선을 왜 gtx b노선에 얹힐려고 하는거지??? 선거용 물타기하려고그러나??? 근데 이제 예전처럼 선거용 희망고문에 당할사람이 없단다 , 70 , 2 , Sun May 16 21:26:40 KST 2021 
 , hurr**** , 가덕도 신공항같은 쓰레기적자 사업 안하면 됨 진짜 표 받으려 개수작하는 가덕도 쓸모없는 짓 그만해라 국민세금이 우습냐 , 64 , 1 , Sun May 16 21:26:40 KST 2021 
 , apc9**** , 5호선 김포연장이 더 시급하다 생각되는데~ , 63 , 5 , Sun May 16 21:26:40 KST 2021 
 , joon**** , 국토부 논리라면 GTX-A 노선도 광화문, 서울역까지만 운행하면 된다. 일산에서 굳이 강남까지 출퇴근하는 사람이 많지 않은데, 왜 강남까지 연결했냐고. , 49 , 3 , Sun May 16 21:26:40 KST 2021 
 , hoye**** , 진작에 김포 한강 5호선 , gtx d 원안대로진행 햇으면되는데 쌩뚱맞게 김부선만들어가지고 이난리냐 김부선보다는 차라리 5호선이 더 현실적이겟다 .뭔자꾸 gtx b 선로 공유한다고그래 , 43 , 5 , Sun May 16 21:26:40 KST 2021 
 , dpro**** , 진짜 무슨 때쓰면 되는 정부네 ㅋㅋ 저거 공사비 운영비 누가 부담하냐 어휴 , 46 , 18 , Sun May 16 21:26:40 KST 2021 
 , kjle**** , 원안데로 하세요 잔머리 쓰지말고 짜증나네요 , 29 , 3 , Sun May 16 21:26:40 KST 2021 
 , mrko**** , 하는짓 보면 무슨 얘들 소꿉장난 하는것 같음. , 26 , 2 , Sun May 16 21:26:40 KST 2021 
 , zvzh**** , 2기신도시 중에 검단, 김포만 서울직결노선 없는것도 아니러니 하고강서 용산 여의도가 직장이면 김포 검단 김포공항 영등포 여의도로 바로가면되지 왜 굳이 부천을 둘러가냐사업비도 제일 적게나오고 타당성도 이게 제일 높을듯. 국토부는 돌대가리들만 있나 , 21 , 2 , Sun May 16 21:26:40 KST 2021 
 , yhd3**** , 김부선 논란은 이재명이 아닌가? , 17 , 0 , Sun May 16 21:26:40 KST 2021 
 , leed**** , 아니근데 유독 서북부권역에만 서울철을 안놓는 이유가 뭐냐?? 다른거 다 차처하고 그거만 설명해봐 납득할만한 설명을 해주면 아닥할께 , 16 , 0 , Sun May 16 21:26:40 KST 2021 
 , gold**** , 데모하면 안되는게 되는 나라...세금 낭비말고 예비타당성에 맞게 정책을 하시길 , 24 , 9 , Sun May 16 21:26:41 KST 2021 
 , smer**** , 부천에 뭐가 있나보지 ㅎㅎㅎ 진짜 대단한 철면피 , 17 , 4 , Sun May 16 21:26:41 KST 2021 
 , abla**** , 진짜 적당히 해라... 내가 생활하고 수익행위를 위해 세금으로 만들어진 인프라를 사용하고 있기에 세금 당연히 내야한다 생각하지만, 공부안해 능력없고 일안하는 인간들 복지를 위해 쓰는건 반대다. 이번정부는 무능력한 사람들 지원 빵빵하게 해주고 무슨 이상한 단체들에게 수천억씩 지원해주고.. 돈잘벌고 능력있으면 적폐취급하니.. 에휴.. 적당히해라 , 839 , 159 , Sun May 16 21:27:27 KST 2021 
 , wook**** , 배우자 공제 1백50만, 자녀공제 1백만..ㅎㅎ 1980년대에도 그랬다. 40년이 지나도 절대 안 변한다..그것 가지고 애 낳으라고? 지나가던 소도 웃는다.세율이나 소득구간도 절대 안 변함..국민을 호구로 알고 뜯어 먹어라. , 411 , 148 , Sun May 16 21:27:27 KST 2021 
 , ella**** , 한국경제는 기사제목이 항상 저 꼬라지네ㅋ 야 종소세내지도않는애들이 뭘 가타부타 따지고들있냐ㅋ 날벼락?ㅋ 복권1등되서 세금떼어가는거보고 도둑정권이라고하겠네ㅋ 수준들 참 ... 직장인들 떼가는만큼 안떼니까 걱정들말어 이것들아ㅋ , 201 , 3 , Sun May 16 21:27:27 KST 2021 
 , j90g**** , 기사 제목이 왜이렇지? 버는만큼 내는게 세금아니야? , 180 , 2 , Sun May 16 21:27:27 KST 2021 
 , bowk**** , 댓글보니 참나 ㅎㅎ 그냥 현정권이 싫다고해라. 세금등은 현정권의 문제가 아니야 계속 주욱 이어져온거자나. 다 싫은거지뭐. , 176 , 11 , Sun May 16 21:27:27 KST 2021 
 , hks0**** , 이정부는세금거둬는거외는할수있는정책은없지,국민들허리가훤다,이넘들아무조건정권교체해야되는이유~~ , 208 , 67 , Sun May 16 21:27:27 KST 2021 
 , sang**** , 세금강탈에 중독된 공산당들. , 243 , 123 , Sun May 16 21:27:27 KST 2021 
 , aval**** , 세금 이미 선진국을 뛰어넘는 수준이다... , 140 , 36 , Sun May 16 21:27:27 KST 2021 
 , cms2**** , 정말 작작 좀 해라. 증세없는 복지한다더니 아주 악랄하게 등골 쫙쫙 뽑아 먹어 국민들은 피골이 상접하는구나. 약속은 지키라고 있는거다. 이 천벌 받을 문산당아! , 28 , 1 , Sun May 16 21:27:27 KST 2021 
 , qeen**** , 그럼 나라는 국민을 위해 뭘 해주냐? 북한근처가도 알면서도 눈감으면서! 세금내는쪽은 내기만하고 혜택없고 안내는쪽은 풍성한혜택을주고... 지금 정권에서 없던 지원금 만들어 주는거 다 안다. , 30 , 7 , Sun May 16 21:27:27 KST 2021 
 , late**** , 대표적인 이중과세. 세금 다 떼고 남은 돈을 싹 모아 다시 세금 한번 더 내는 최고의 악법. 실질 세금 50% 넘어가는 사람들도 많을거다. 화폐가치 하락이나 소득수준 증가 인플레 비율 이런것도 전혀 반영되지 않은 진짜로 무식한 악법. , 24 , 3 , Sun May 16 21:27:27 KST 2021 
 , blic**** , 세금 착취. 더듬어 자살당 . 세금으로 생색은 지 돈인양 꽁짜라고 퍼 주고. 구역질 난다 , 22 , 2 , Sun May 16 21:27:27 KST 2021 
 , knle**** , 열심히 살고 싶어도 열심히 사는 게 더 손해인 세상 , 20 , 1 , Sun May 16 21:27:28 KST 2021 
 , hyew**** , 나도 평생 열심히 일한것 후회하는 중...건보료 떼가고, 세금 무지허니 떼가고...재난지원금은 쏙 빼고 주고...내 돈 가져가 뭣들 하는지 정말 화난다. 일 안하고 실업자가 되어야 이 나라의 혜택을 받을 수 있으려나...그땐 또 예금있고 집있어서 안된다 할지도? , 17 , 0 , Sun May 16 21:27:28 KST 2021 
 , ilio**** , 세금뜯기에 미친 나라 , 15 , 0 , Sun May 16 21:27:28 KST 2021 
 , sbai**** , 있는사람들돈 뺏어서 없는사람들 주는게 정부역활은 아니라고봅니다 없는사람들 손에 그냥쥐어주지말고 일정한 노동이상의 노력과 열정이 깃들여져야 합니다 , 15 , 1 , Sun May 16 21:27:28 KST 2021 
 , jhk6**** , 쓰랙이 문재인정권 세금폭탄정권,경제무능정권,거짓말 내로남불정권,부동산지옥정권 투표로심판합시다 , 15 , 1 , Sun May 16 21:27:28 KST 2021 
 , ohmy**** , 정부는 세금을 강탈해가면서 얼마내야하는지고 알려주지않는다. 강탈당하는 세금이 얼마인지 일아보기위해 세무사에게 수수료주고 일아보란다. , 11 , 0 , Sun May 16 21:27:28 KST 2021 
 , jkmo**** , 이나라는 세금때문에 망하게되있다 누가 열심히하는 멍청이가있나 벌수록 상상을 초월하는 할증세금이 다 털어가는데 , 11 , 1 , Sun May 16 21:27:28 KST 2021 
 , kims**** , 세금없는 복지...소득주도성장.. 집값안정...이중에 하나라도 지킨것 있나???공수처 하나 만들었는데 공수처장은 윗대가리 눈치보기 바쁘고...국민들 힘들어 죽어 나가는데 거거에 세금까지 과하게 뺏어가고....그래도 문죄앙 지지자가 30%라는게 이해가 안된다.. , 9 , 0 , Sun May 16 21:27:28 KST 2021 
 , rhsu**** , 급이 있어서 면책특권은 준다구 칩시다 남은건 예우 갖춰서 추방이 답이군요 , 622 , 1 , Sun May 16 21:28:42 KST 2021 
 , hsj9**** , 면책특권이라고 죄가 없는건 아니다. 벨기에 법으로 처리하라는거쟎아. 벨기에 국가에 범죄사실을 이송해서 법적으로 처리하게 하고 법적인조치가 취해지지 않으면 밸기에는 법치국가가 아니라 할수 있으므로 대사관 철수시켜라. 법치국가도 아닌나라를 굳이 외교국가로 취부할 필요가 없다고본다. 외교는 국가와국민을 위해 하는것인데 국민에게 위해를 가하고도 면책받는 나라라면 굳이 외교를 할 필요가 없다고 본다. , 364 , 2 , Sun May 16 21:28:42 KST 2021 
 , ambr**** , 그럼 외교부가 벨기에 정부에 당신내 국적 국민이 대한민국 국민을 구타했으니 벨기에로 소환 조사및 처벌을 하라고 공식 공문을 보내야 하는거 아닌가? 안 보내면 피해자가 외교부 상대로 직무유기로 고소 해야 하고. 이런건 개인이 하기 어려우니 그 잘난 시민단체서 피해자 대신 정부에 해줘야 하는것 아닌가?? , 190 , 4 , Sun May 16 21:28:42 KST 2021 
 , ds30**** , 더러운X 이따위것이 대사 부인이라니,벨기에의 수준이 보인다 , 112 , 2 , Sun May 16 21:28:42 KST 2021 
 , puni**** , 벨기에 아니죠 짱깨죠. , 82 , 5 , Sun May 16 21:28:42 KST 2021 
 , stel**** , 벨~ 괴상한 에편네가 대사부인이라고? 저런 쓰레기가 대사부인이면 그 대사나 그 나라나 알만한 거지...추방해라~ 별 그지깽깽이 같은게 맞지도 않는 옷을 입겠다고 신발 신은 체로 난리 부르스라니...거기에 폭행까지? , 20 , 1 , Sun May 16 21:28:42 KST 2021 
 , az21**** , 벨기에를 참 좋게 생각했는데, 이번 일로 벨기에가 어떤 수준의 나라라는 것을 똑똑히 알게되었다. 벨기에 본국에서도 보고를 받았을텐데~, 대응하는 방법이나 수준이 전혀 납득이 되지않는다. , 16 , 0 , Sun May 16 21:28:42 KST 2021 
 , jang**** , 추방시키면 되겠네!!! , 15 , 0 , Sun May 16 21:28:42 KST 2021 
 , mozi**** , 추방이라도 하던가 촛불 부대라도 나서던가 대사 마누라가 중국인 이라서 정부에서 대응을 못하는건가? 대한민국 땅에서 국민이 짱꼴라한테 폭행 당해서 뉴스까지 나왔는데 이렇게 끝나? , 15 , 1 , Sun May 16 21:28:42 KST 2021 
 , rain**** , 제대로 된 사과하지 않는 이상 벨기에 제품 불매운동 벌여야할듯.초콜렛이랑 맥주 등등. , 12 , 1 , Sun May 16 21:28:42 KST 2021 
 , brav**** , 이번 일로 벨기에를 검색해 보았는데 예로 부터 벨기에는 좋은 나라는 아니고 흑인노예 손자르고 아무튼 덕분에 잘 알았습니다 면책 특권 가지신 벨기에 대사 부인님 , 11 , 0 , Sun May 16 21:28:43 KST 2021 
 , mysi**** , 이 사건을 그대로 넘어가면 우리나라를 얼마나 우습게 볼까? 강대국들이 잊을만하면 힘을 끊임없이 과시하는덴 다 이유가 있다. 국격이 더 떨어지기전에 저 여자 추방 시켜라! , 11 , 1 , Sun May 16 21:28:43 KST 2021 
 , hide**** , 우리나라 벨기에 대사부인도 벨기에 옷가게 가서 김치 사따구 부탁드립니다....영사님도 괜찮을듯 , 8 , 0 , Sun May 16 21:28:43 KST 2021 
 , aalt**** , 치료비와 위로금도 없나? 국민이 타민족에게 수모 당해도 되나봐...과연 국회의원이 따귀를 맞아도 같나요? , 8 , 0 , Sun May 16 21:28:43 KST 2021 
 , hung**** , 이건 벨기에 외교부 문제임. 당장 외교관 해임시켜서 면채특권 상실시키는게 정상 아님? , 8 , 0 , Sun May 16 21:28:43 KST 2021 
 , gesu**** , 북한에 대한민국 공무원이 총격 사살되어도 아무말 못하던 나라입니다. 뺨 한대 맞은걸로는 명함도 못 내밀지요. 참고로 벨기에가 인종차별 굉장히 심한 나라입니다. , 9 , 2 , Sun May 16 21:28:43 KST 2021 
 , katg**** , 이 여자를 처벌 못하면 폭행당한 우리국민은 어떻게되는가. 보상도 못받고 당하고만있어야되는건가. 참 한심하고 웃기는 현상이다. , 7 , 0 , Sun May 16 21:28:43 KST 2021 
 , 88na**** , 추방해라 , 7 , 0 , Sun May 16 21:28:43 KST 2021 
 , keli**** , 면책특권을 사용했다면. 추방은 해야겠지요 , 7 , 0 , Sun May 16 21:28:44 KST 2021 
 , hy93**** , 벨기에 국가이미지 추락. 적어도 한국인에게는. , 6 , 0 , Sun May 16 21:28:44 KST 2021 
 , gyr0**** , 미얀마의 민주주의를 지지합니다. , 971 , 8 , Sun May 16 21:29:17 KST 2021 
 , takw**** , 무쓸모 유엔. 더이상 세계 경찰도 아닌 미국. 깡패 중국 러시아. 비슷한 독재 국가들인 주변 동남아 국가들. 미얀마는 어려울것 같다. , 404 , 5 , Sun May 16 21:29:17 KST 2021 
 , ar01**** , 시작이 고통스럽고 앞으로도 고통이 이어질지라도 미얀마의 민주주의를 응원합니다. , 174 , 3 , Sun May 16 21:29:17 KST 2021 
 , nan_**** , 박정희 및 전두환 정권 때하고 비슷하네여...김영삼 대통령 정권 때 잘한것 중 하나가 군부 하나회 청산, 그후 군부에서 더 이상 사조직이 생기지 못 함. , 319 , 175 , Sun May 16 21:29:17 KST 2021 
 , coso**** , 가난한 나라에 대가리속에 든 건 없어도 권력의 맛을 본능적으로 아는 무식한 군바리 정권.. 지지리도 복 없는 국민일세.. 그래도 희망을 버리지말아라 , 147 , 7 , Sun May 16 21:29:17 KST 2021 
 , wooj**** , 아~~ 너무나 잔인하다. 반드시 댓가를 치뤄야 한다. 반인륜적인 범죄행위는 반드시 반드시 합당한 댓가를 치뤄야 한다. 미얀마에 반드시 민주주의가 정착해서 꽃을 피우기를 응원합니다. , 33 , 0 , Sun May 16 21:29:17 KST 2021 
 , woma**** , 우리나라 살인마도 치매 걸렸다고 거짓말 하고, 재판에는 출석도 안하면서, 뷔폐 가서 맛있는것도 쳐드시고, 골프치러 다니며 뻔뻔하게 잘 살고있다...!!! , 30 , 7 , Sun May 16 21:29:17 KST 2021 
 , andu**** , 난 이런걸 볼때마다 우리나라 더러운 과거 군부세력을 생각한다 , 26 , 9 , Sun May 16 21:29:17 KST 2021 
 , youn**** , 근데 민주주의도 결국 부패만 득실득실함 , 20 , 3 , Sun May 16 21:29:18 KST 2021 
 , wowp**** , 미안먀보고 군부가 뭔지 아가들아 알겠냐 아버지 할아버지가 괜히 박쩡희 쩐두환이 한테 나쁜놈이라고 하는게 아니다 박쩡희도 1979년 10월 전국 대학생들의 시위가 심상치 않음을 감지했고 자신의 운명이 얼마남지 안음을 느꼈을 것이다 김재규가 각하 이제 푹쉬시죠 결단을 내린것도 전국의 시국이 긴박함을 중앙정보부장으로 어느누구 보다 잘 알았을텐데 이게 김재규의 결심에 동기가 되었을것이다 상식이 통하지 않는사회는 무너지게 되어있다 미얀마도 언젠간 끝나겠지 시간이 단축될려면 김재규처럼 내부반란이 일어나면 시간이 앞당겨 지겠지 불쌍한건국민들 , 33 , 17 , Sun May 16 21:29:18 KST 2021 
 , juki**** , 어쩌면, 광주사태때 전두환 집단의 광기어린 학살과 그리 똑같나, 부디 미얀마도 군부역도들을 몰아내고 민주화를 성취하기를 기원합니다! , 27 , 15 , Sun May 16 21:29:18 KST 2021 
 , mola**** , 과거 503호년 애비와 전대갈이 얼마나 무고한 국민들을 때려잡았는지...지금 미얀마보다 더했으면 더했지... , 13 , 1 , Sun May 16 21:29:18 KST 2021 
 , chol**** , UN은 그저 병풍. , 12 , 0 , Sun May 16 21:29:18 KST 2021 
 , ikib**** , 전두환씨 그 세력들 보고 있냐. 이게 독재시대 5공화국이다. 전두환 찬양하는 넘들은 오늘처럼 비오는날 먼지나도록 두들겨 맞아야 정신 차린다. 민주화 운동 으로 희생된 고인들때문에 대한민국은 민주화 되었다. , 15 , 4 , Sun May 16 21:29:18 KST 2021 
 , moun**** , 미얀마는 민주주의를 탈환한다면 군부정권에 빌붙어먹은 적폐들과 언론들을 꼭 잘 숙청 하기를 바란다. 프랑스도 독일도 모두 그렇게 했지만 대한민국은 그러지 못했다. 그 결과 아직도 조중동이 정의라는 이름으로 대한민국을 갉아먹고있다. 친일잔재를 청산하는것은 청렴한 대한민국이 되기위해 반드시 해야 할 과제이다. , 12 , 1 , Sun May 16 21:29:18 KST 2021 
 , jaeh**** , 미얀마의 봄이 오길 간절히 기도합니다. 탱크와 총칼로도 민주주의에 대한 열망을 막을 순 없습니다. , 8 , 0 , Sun May 16 21:29:18 KST 2021 
 , high**** , 군사독재가 성공한 나라 단 한곳도 없다. 일부 사람들이 우리나라 군부독재때가 가장 살기 좋았다고 하는데 정말 아이러니하게도 어르신들 말씀 들어보면 육성회비 못내서 얻어맞고 초졸 중졸이 대부분에 가난하면 각종 차별에 굶는건 허다하고 어린 나이에 공장에서 푼돈받고 장애가 생겨도 아무말도 못하는 대다수 서민들에겐 그런 시대였다. 근데 지금보다 좋다고 하는 인간들은 그때도 잘살았을 가능성이 높다. 고로 권력과 돈맛을 아는 이들은 절대 일반 서민의 삶을 이해할 수가 없다. 그러니 정치와 현실의 괴리가 생기는 것. , 8 , 2 , Sun May 16 21:29:18 KST 2021 
 , afin**** , 미얀마 쿠데타세력은 악마 그 자체로구나. , 6 , 1 , Sun May 16 21:29:18 KST 2021 
 , wndd**** , 전대가리 급이네. , 6 , 2 , Sun May 16 21:29:18 KST 2021 
 , dae8**** , 미얀마인은 용감하고 뜻이 고결하고 의지가 굳건하다.민주국가가 된다면 위대한 나라가 될듯.고난과 역경은 참고 이겨내야 하는 것.미얀마인들에게 축복이 있기를 , 5 , 1 , Sun May 16 21:29:18 KST 2021 
 , reve**** , 댓글들 쓰는 사람들 이게 떼쓰는걸 보이나? 돈없어서 집값 싼 김포살지만 신도시 교통분담금 모두 내고 들어온 사람들이다. 가난하면 대중교통도 없는곳에 살아야하나? 밥벌어먹고 살아야 하는 사람들 대중교통 이용하여 직장가는길이 이렇게 험난하고 차별받는게 정상인가? , 127 , 33 , Sun May 16 21:29:43 KST 2021 
 , ybum**** , 50만대도시에지하철이없는곳은 김포뿐이다 교통지옥이다 아파트분양가에 1000만원식 교퉁부담금다받아머고 왜지켤안시키는 것이냐5호선연결은 10 년 전부터 김포시민의 소망인데 아직도 논의중이라니 한심한 국토부놈들 , 62 , 5 , Sun May 16 21:29:43 KST 2021 
 , nwy8**** , 떼쓴다고 해주면 안되죠 이제 다른데도 다 떼쓰겠네 , 222 , 177 , Sun May 16 21:29:43 KST 2021 
 , sbsc**** , 적어도 강남,하남 방향으로 가야 2,9호선 혼잡도가 떨어지지, 여의도 가서 9호선으로 환승하거나 신도림에서 2호선으로 환승하게 되면 2,9호선 혼잡도 늘어날텐데 감당가능하나? , 50 , 29 , Sun May 16 21:29:43 KST 2021 
 , diod**** , 떼쓰면 다 되는구나. 연구기관은 뭐하러 있나? , 96 , 81 , Sun May 16 21:29:43 KST 2021 
 , nike**** , 창릉역 갑툭튀는 어쩌고?? 2기신도시 김포검단70만인구 직결철도0개 말이되냐?? 교통개선한다는 공약 믿은지 14년이다. 민주당아웃!!! , 12 , 0 , Sun May 16 21:29:43 KST 2021 
 , voxo**** , 떼쓰니까해주는구만 다른지역들도 떼써서 gtx f까지 놔달라고하자 , 57 , 46 , Sun May 16 21:29:43 KST 2021 
 , olox**** , 떼쓰면 다되는구나 강화도 까지 놔달라 하겠네 , 17 , 6 , Sun May 16 21:29:43 KST 2021 
 , 9918**** , 떼쓰는게 아니다.국토부 한강선 약속 2019년GTX-D원안은 경제성, 형평성등종합적으로 타당하다.교통지옥 수도권 서부지역원안 GTX 및 한강선연장원칙을 고수하는 사안입니다.국토부 김포시민 또다른 립서비스로우롱하고 있습니다.동서축으로 김포~하남 원안으로확정되야 광주, 이천갈수 있다고봅니다.젊은 김포 20,30,40대들이여끝까지 원칙, 원안사수하여교통지옥에서 해방될수 있도록함께 합시다.부천시,인천시,서울시,하남시,광주시,이천시함께 합시다.시민에 힘으로 원칙(원안)을 고수합니다. , 14 , 3 , Sun May 16 21:29:43 KST 2021 
 , opop**** , 김포는 서울 타령하더니 막상 여의도 용산 보내준다니까강남 타령 ㅉㅉ 목적이 너무 뻔하지? , 52 , 43 , Sun May 16 21:29:43 KST 2021 
 , qt38**** , Gtx고 모고 LH사태먼저 정리하는게 순서아님? , 10 , 1 , Sun May 16 21:29:44 KST 2021 
 , past**** , 떼쓰는걸로 보이냐 국가신도시 만들었으면 교통대책은 세워줘야 하는거지 , 11 , 5 , Sun May 16 21:29:44 KST 2021 
 , woos**** , 각자 본인들 집 앞으로 gtx놔달라고 피켓만들어서 광화문에서 모입시다 , 13 , 8 , Sun May 16 21:29:44 KST 2021 
 , film**** , 20 30대 영끌족 김포검단으로 몰아놓고 정치쇼는 이제 그만합시다. 백화점회동후 변경된 김부선 원위치 시켜야합니다. gtxD원안인 김포검단강남하남 직결해야 합니다. 더이상 정치쇼는 그만하십시오 , 7 , 2 , Sun May 16 21:29:44 KST 2021 
 , dkfm**** , 서부지역 희생과 차별은 지겹다 김포의 열악한 교통을 정치적으로 이용말라 , 6 , 1 , Sun May 16 21:29:44 KST 2021 
 , pret**** , 별 거지들이 댓글쓰네 2기신도시 지을때는 그만한 교통을 놔줘야지 들어가 살라고 해놓고 교통도 똑바로 안해주냐 그래놓고 북한에 철도놔줄 예산은 있나보지? , 6 , 1 , Sun May 16 21:29:44 KST 2021 
 , rvia**** , 인구 전체가 강남출퇴근은 아닐꺼고...20%정도 출퇴근일텐데 나머지는 집값떨어지니 촛불들고 난리친거아님?... 아니그럼 GTX-z까지해서 다 강남으로 집합시켜...욕심이과해.. 출퇴근 안힘든지역잇나? , 18 , 14 , Sun May 16 21:29:44 KST 2021 
 , kek5**** , 김포 검단 김포공항으로 연결하여 하남까지 직결 해주면 되는것을 사업성도 떨어진다는 b노선 부천은 왜이리 못놓고 2기신도시민들을 희생시키려하나요? 평면환승 일부직결? B노선에서 D라인 환승해서 서울가면 되겠네요 !!5호선 연장안은 검토 자체도 안하나요?? , 9 , 5 , Sun May 16 21:29:44 KST 2021 
 , jhj6**** , 역쉬 문제인 정부!!! 불공정을 정확히 GTX D에 보여주었군 ㆍㆍㆍ 국토부도 같이 비리 조사해라! 창릉 툭ㆍ부종운 툭 그짝 근방 다 LH가 공사 주관이더라 ㆍ국민 세금이 툭툭에 쓰여지네 , 9 , 5 , Sun May 16 21:29:44 KST 2021 
 , kmw9**** , 떼를 쓴다고? 여러개노선이 있는 상황에서 더 달라고하면 그게 떼쓰는겁니다. 똑바로 알고 말하세요. 50 만 신도시에 단한개가 없는데 서울직결 노선이 한개가 없는데 떼를 쓴다고? 알바들을 풀었나? 김포에대한 평가를 하려면 신도시 교통 상황을 알고 지껄이시죠 , 5 , 2 , Sun May 16 21:29:44 KST 2021 
 , ithu**** , 어이없네. 전액 국가에서 보상해야지. 천만원? , 97 , 9 , Sun May 16 21:30:21 KST 2021 
 , heem**** , 1주일에 치료비만 400만원 든다는 간호조무사 남편의 절규가 안들리는가??국가에서 끝까지 책임을 져야지??기저 질환 없는 30대 간호 조무사가 백신 맞고 쓰러져 일어 나지를 못하는데 겁나서 백신 맞겠는가 말이다... , 89 , 7 , Sun May 16 21:30:21 KST 2021 
 , supm**** , 멀쩡하던사지를 주사한방에 못쓰게되는데 천만원. 그냥 맞기싫은사람은 제외시켜줘 그냥 , 37 , 2 , Sun May 16 21:30:21 KST 2021 
 , nice**** , 백신은 강제접종 아닙니다. 부작용 우려되면 맞지 마세요. 화이자만 맞는 미국도 부작용우려로 50%정도만 접종하고 안맞는 사람이 많아요. 아젠 맞기 싫으면 연기하면 됩니다. 우리나라도 안맞는 사람이 많을테고 그때는 백신 선택권도 줍니다. 모더나 공장도 한국에서 생산한다고 합니다. , 31 , 3 , Sun May 16 21:30:21 KST 2021 
 , ozso**** , 왜 대통령이 한말과 그밑 기관들이 하는말이 다른가.국가가 전액 보상 해준다 하지 않았는가. , 30 , 2 , Sun May 16 21:30:21 KST 2021 
 , fine**** , AZ를 왜 꼭 들여와야 했는지 차기정권에서 밝혀내서 모조리 쳐넣어야 나라가 바로 설텐데. , 6 , 2 , Sun May 16 21:30:21 KST 2021 
 , nene**** , 이노무정권은 미친거아니야 백시맞고사람이 아픈데 인과성따지고있냐사람을살리고봐야지 이 미친정부아니야그러면 누가 자기 부모백신 맞게하겠냐불안해서나도못 맏게하겠다 , 4 , 0 , Sun May 16 21:30:21 KST 2021 
 , ange**** , 중증이면 돈이 얼마나 들어가는데~겨우 천만원!국가에서 전액 보상해도~몸은 이미상했는데.. , 4 , 0 , Sun May 16 21:30:21 KST 2021 
 , kie8**** , 전액보상해주면 정부밎고 누구나 맞을거다.. , 4 , 1 , Sun May 16 21:30:21 KST 2021 
 , jina**** , 완치가 되는것도 아니고 입원비만 해도 한달에 몇백인데 천만원이라니 것도 최대 치료비고 생활비고 고작 천만원 받아서 뭘하라는건지 , 3 , 0 , Sun May 16 21:30:21 KST 2021 
 , ithu**** , 문재앙과 정세균이는돗자리 깔고 소벅입고 석고대죄하라. 처음에 뭐랬어? 국가가 다 책임진다메? 이게 다 책임지는거야? 중증환자 1주일 치료비 간병비 입원비가 얼만줄 알고 천만워? 저것들은 인간이 아니다. , 3 , 0 , Sun May 16 21:30:21 KST 2021 
 , lanz**** , 소화제 먹어도 죽는데 뭘 ㅎㅎ , 3 , 0 , Sun May 16 21:30:22 KST 2021 
 , nrz5**** , 개웃긴게 멀쩡하던 사람들이 백신맞고 전신마비 되는데 인과성 부족이라고 백신과는 무관하다?? 이게 말이냐방구냐 기저질환 없이 사는 사람들이 얼마나 되겠냐 핑계될껄 핑계질해야지 한심하다 , 4 , 2 , Sun May 16 21:30:22 KST 2021 
 , 2don**** , 예매하다.. 인과성 입증은 제대로 하는지도 의심 스럽다!예전 산타페 급발진 사망사고도 국토부 산하 기관에서 능력도 안되 실험도 못 하는것들이 실험도 안하고 급발진 아니라고 결론 냈서 법원판결에 큰 영향을 줬었딘..그 쓰레기 연구원들은 아직도 잘 처먹고 잘 살겠지! 국가에서 제대로 조사하고 입증할 능력은 되는거냐 , 2 , 0 , Sun May 16 21:30:22 KST 2021 
 , gywn**** , 중증 천만원 보상? 안맞는다 , 2 , 0 , Sun May 16 21:30:22 KST 2021 
 , wwkr**** , 모두가 마루타 ;; , 2 , 0 , Sun May 16 21:30:22 KST 2021 
 , sdis**** , AZ따위 보다 화이자가 명약이라며?? 광우뻥보다 더 한 극우 졸개들 개소리가 싹사라지는 기사네 허허허 , 2 , 1 , Sun May 16 21:30:22 KST 2021 
 , gfen**** , 도대체 당신들이 말하는 인과성의 기순이 뭐냐? 무조건하고 니들이 판단해서 있다 ㆍ없다 하면 끝이냐? 기준을 명백하게 밝히고, 사고 당한 국민에게 인과성을 밝혀내라는 개~같은 소리 하지말고 아니라는 것을 정부 당국에서 겅증해야 하는게 옳은 일 아닌가? , 1 , 0 , Sun May 16 21:30:22 KST 2021 
 , hong**** , 한국에 대통령이 잇나 , 1 , 0 , Sun May 16 21:30:22 KST 2021 
 , mbc1**** , 당장 저넘을 끌어내려라~ , 1 , 0 , Sun May 16 21:30:22 KST 2021 
 , heyb**** , 나라에 남아나는게 있기는 하냐? 백신도없고 철근도없고 .. , 458 , 32 , Sun May 16 21:32:00 KST 2021 
 , act8**** , 이모든게문재앙십장생때문인거 알지? , 267 , 63 , Sun May 16 21:32:00 KST 2021 
 , spac**** , 원자재값이 이렇게 날뛰는데~ 집값이 어찌 잡히겠나? 당분간 공급도 없지~~계속 우상향!!확실!! , 161 , 11 , Sun May 16 21:32:00 KST 2021 
 , riha**** , 온 나라에서 제대로 굴러가는게 대체 뭐냐. 문재인은 이 죄를 다 어떻게 감당하려고 그러나. 정말 나라가 정체가 아니라 퇴보를 5년은 한 것 같다. , 169 , 31 , Sun May 16 21:32:00 KST 2021 
 , leey**** , 날이갈수록 나라가 개판이구나. , 81 , 15 , Sun May 16 21:32:00 KST 2021 
 , jsne**** , 자원외교했던 맹박이가 문제인아보다 백배 애국자네 , 30 , 4 , Sun May 16 21:32:00 KST 2021 
 , gude**** , 정치인들만 모르는건지 올초부터 주택30만호 이야기들 하면서 대책은없고 공사가 많아지면 원자재가격 당연이 오르고 공사인력은 외국인이 80%차지하는 현상에 인건비도 상승할걸 몰난는지 거기에 건설사는 힘드러 죽을것같은대 노조는 지내들 일달라고 날리고 이게 나라인지 위정자 당신들 정신 똑바로 차려서 이나라좀 정신 맑은 나라좀 되자 이러다간 노조가 건설현장 지배한다 , 24 , 0 , Sun May 16 21:32:00 KST 2021 
 , pjk1**** , 아파트값은 더 올라갔네 철근파동이면 모든자재값이 폭등하겠군 또 올라가는계 아파트값 , 15 , 1 , Sun May 16 21:32:00 KST 2021 
 , pang**** , 중소규모 현장 지금 힘듭니다!금요일에 톤당 120만원 넣고 주문 했습니다!6월부터 레미콘 가격도 인상 된다고 하고 협력사 및 자재 업체들 4월부터 가격 인상 되어 적게는 8~70% 인상 되고 있습니다!미쳐도 단단히 미쳤습니다!작년 말부터 금년 2월달에 계약하고 3월부터 공사 진행 중이지만 원자재 및 인건비 상승으로 소규모 건설사로써 힘들고 건축주에게 인상해 달리고 하기도 어려운 상황입니다.도대체 정부는 뭐하고 있는겁니까?작년부터 나돌았던 인플레이션 현실화 되고 있는 느낌입니다.공사 견적 의뢰와도 이젠 막막합니다! , 14 , 0 , Sun May 16 21:32:00 KST 2021 
 , hmp2**** , 문가 머리엔 지금도 오직 보복정치 적폐청산국민은 없다 문가 찍은 손가락 짜르고 싶다 , 17 , 4 , Sun May 16 21:32:00 KST 2021 
 , ansg**** , 철근도 없고 백신도 없고 나라에 돈도 없고 있는건 부채와 간신들뿐 ~~^^ , 14 , 3 , Sun May 16 21:32:00 KST 2021 
 , peak**** , 정부가 할일이 바로 이런거다. 이런거 미리 예상하고 선조치해서 기업을 돕고 나라를 유지하는것이 정부가 할일을 제대로 하는것이다. 그런데 제대로 하는게 진짜 하나도 없다 , 12 , 1 , Sun May 16 21:32:00 KST 2021 
 , rhdt**** , ㅋㅋ건설사들 철근 하나씩 빼서 아파트 올리겠네..ㅋㅋㅋㅋㅋ안그래도 부실한대 , 12 , 2 , Sun May 16 21:32:00 KST 2021 
 , eglo**** , 중국을믿으면 안되는 이유가 또 하나 늘었네 오쩌냐 아직도 중국몽에 빠져 못해어나는 사람은 ㅋㅋ 제발 정신차려라 공산당은 믿는게아니다 , 9 , 0 , Sun May 16 21:32:00 KST 2021 
 , sara**** , 분양가 올라가는 소리가 들리는 구나~~부실공사 늘어나겠네~~ , 9 , 0 , Sun May 16 21:32:00 KST 2021 
 , fear**** , 이런 것 하나 대비 못 하는 무능 정권. 중국몽 뭉가는 중국 가서 애원좀 해봐라. 딴짓거리 하지 말고~ , 10 , 3 , Sun May 16 21:32:00 KST 2021 
 , samc**** , 하여튼 이놈에 문정권 제대로 하느게 하나도없네 어이 11년차 가짜농부 문씨 걍 내려오라 , 9 , 2 , Sun May 16 21:32:00 KST 2021 
 , rose**** , 문재앙아 철강회사에 한번 가봐라. 당신이란 작자는 항상 숟가락만 얹을줄 알지 진짜 어려운 곳은 외면하더라. , 7 , 1 , Sun May 16 21:32:01 KST 2021 
 , hkp2**** , 문쟁ㅣ같은 재앙덩어리는 100년에 한번도 나타나지 말어야 , 6 , 1 , Sun May 16 21:32:01 KST 2021 
 , za25**** , 자 조만간 철근 없이 지어진 아파트 무너졌다고 뉴스에나오겠네 , 5 , 0 , Sun May 16 21:32:01 KST 2021 
 , klel**** , 연예인이 아니고 부동산 투기 꾼 들이네 ~나도 강남에 건물 가지고 싶다 ^^~ , 963 , 52 , Sun May 16 21:32:25 KST 2021 
 , nanu**** , 기본적 의식주로 투기해서 상승 부추기는것들은 아웃시켜야함. 투기한걸로 먹고 살아라. 나오지말고. 대중돈 벌면서 그걸로 대출까지 끌어서 대중돈 또 빠는 투기꾼들. 역겹 , 613 , 23 , Sun May 16 21:32:25 KST 2021 
 , iyaa**** , 투기꾼들 이제 뭐해먹나 , 595 , 24 , Sun May 16 21:32:25 KST 2021 
 , 7983**** , 이미 중국인들 조선족들 집 다 샀는데.... , 730 , 395 , Sun May 16 21:32:25 KST 2021 
 , bms0**** , 또또 현금부자나 중국인들만 살수 있게 만드네 ㅋㅋㅋ 대단하다 K-부동산 , 665 , 382 , Sun May 16 21:32:25 KST 2021 
 , trus**** , 김태희는 2014년도 개인 명의로 매입시 대출 35%도 안됐는데. 다른 연예인들과 다르게 풀대출로 건물 매입한것도 아니고 하정우처럼 3년만에 되판것도 아니고 7년 갖고 있다가 매각한건데 어쩌란건지....욕해달라고 계속 기사화 하는건지. 분명 사간 사람이 있으니 저리 판것일텐데 , 256 , 120 , Sun May 16 21:32:25 KST 2021 
 , 1963**** , 대출을 규제하는 미친 정부~~~ , 151 , 55 , Sun May 16 21:32:25 KST 2021 
 , feel**** , 저기요 근데 문재인 정부는 왜 중국인 대출 규제는 안 할까요??? , 79 , 14 , Sun May 16 21:32:25 KST 2021 
 , no01**** , 이러다가 중국놈들이 땅이고 건물이고 다 차지하는 것 아닌가 심히 걱정된다 , 59 , 7 , Sun May 16 21:32:25 KST 2021 
 , dagu**** , 3년만에 45억 시세차익이 났는데 양도세가 없나? 15억짜리 주택을 사려면 15억이 있어야 하지만 70억짜리 빌딩을 사는데는 14억만 있으면 된다는 얘긴데 이게 나라냐? , 47 , 4 , Sun May 16 21:32:25 KST 2021 
 , sunn**** , 외국인도 규제 부탁드립니다. , 37 , 2 , Sun May 16 21:32:25 KST 2021 
 , kona**** , 외국인한테 나라땅 다 팔아먹기 위해 내국인 거래 다 막아버림. 21세기판 이완용. , 34 , 3 , Sun May 16 21:32:25 KST 2021 
 , lana**** , 으리 국민들은 시고싶어도 못사고 곧 중국땅 될듯 , 32 , 1 , Sun May 16 21:32:25 KST 2021 
 , dou3**** , 중국인들만 특혜주는 공산당정권 민주당 기억해라 , 31 , 3 , Sun May 16 21:32:25 KST 2021 
 , ojt0**** , 중국인들 아파트 다 쓸어 담았으니 이제 빌딩사게 해주려고 난리네.. , 20 , 1 , Sun May 16 21:32:25 KST 2021 
 , rda1**** , 이제 건물과 토지도 현금부자들만 사라는거군...사다리 제거중?...주택은 필수제이고 의식주 기본권이지만....토지나 건물은 규제의 정당성이 없다... , 18 , 1 , Sun May 16 21:32:25 KST 2021 
 , neat**** , 연예인들 팔길래 곧 부동산 하락 시기가 오나 보다했다. , 17 , 0 , Sun May 16 21:32:25 KST 2021 
 , ysch**** , 진짜 소대가리 정부네 어차피 내년에 정권 바뀌면 규제 싹다 풀린다. 삶은 소대가리는 쩝쩝 거리며 검찰청 들락날락하겠지. , 21 , 5 , Sun May 16 21:32:25 KST 2021 
 , sisi**** , 거지들이 거지인 이유 : 집은 없는데 문재일 빨음. , 20 , 5 , Sun May 16 21:32:25 KST 2021 
 , chus**** , 누구를 위한 나라인가.. 이제 경제발전 이룩한 박정희 전두환 이명박 박그네 욕 안할거다. 이넘의 종북좌파는 나라도 국민도 버렸거든 , 14 , 1 , Sun May 16 21:32:25 KST 2021 
 , 25ap**** , 응원합니다 , 4207 , 86 , Sun May 16 21:33:46 KST 2021 
 , joyu**** , 비 오는 상황과 코로나임에도 질서 다 지키며 시위 했는데 오히려 경찰들이 거리두기 안하고 시민 가는길 막고 무단횡단 했으면서 언론에는 이런식으로 올리고 세상 참 무섭네요 , 3394 , 69 , Sun May 16 21:33:46 KST 2021 
 , etoi**** , 오죽하면 비오는날 정민군과 일면식도 없는 사람들일텐데 이렇게 나섰겠는가? 이건 결코 남이 일이 아닙니다.매일 하루종일 이사건이 머리속에서 떠나질않습니다.국민청원은 왜 침묵하는건지?분명 CCTV 그 가족들 행동이 너무나도 이상한거 누구나 다 알고있는데 도대체 제대로된 수사를 왜 안하는거냐구요????이럴바엔 차라리 AI 경찰 도입하라고 말해주고 싶네요~수사종결까지 최소한 이것보다 빠를테니깐요~ , 2749 , 25 , Sun May 16 21:33:46 KST 2021 
 , mina**** , 얼마나 대단한 집구석이냐,, 이일이 내 일, 내 가족, 내 지인이 될수있다 진실은 발혀져야지 의혹이 이렇게 많은데 서초견찰서는 없어져라 , 1285 , 28 , Sun May 16 21:33:47 KST 2021 
 , hi78**** , 진실이 꼭 밝혀지길 바랍니다. , 743 , 4 , Sun May 16 21:33:47 KST 2021 
 , kna0**** , 많이 모이지도 않았구만 막아서긴 왜막아서냐! 야외에 마스크도 썼구만!!! 그러니까 제대로 수사하라고!!! 안그럼 전국에서ㅜ몰려갈테니! , 354 , 3 , Sun May 16 21:33:47 KST 2021 
 , hans**** , 여기서 뭐같은소리하는 인간들 니들도 사람이냐 저 사람들이 왜그러는지? 모르면 니들은 사람이아니다 이상한게 한두가지가아니고 누가봐도 정상적인사람이라면 문제가있는데 시체팔이 감성쇼라고?에라이 인간말종들아 누가봐도 친구 행적이 잘못됬고 상식이있으면 뭐가잘멋된건지 다들아는데 니들 가족이 억울하게죽어도 악플달래? 국과수? 익사 인정못한다는게아니라 혼자서는 이루어지지않는 행위들에대해서 인정을못하는거다 이건 살인이맞고 정상적인 사람들의 논리라면 이해할수없고 이런 뭐같은 결과는 이젠 시민들이 받아들일수없다는거다 사람답게 살아라 악플러들어 , 330 , 7 , Sun May 16 21:33:47 KST 2021 
 , boso**** , 정민이 아버님 힘만으론 부족합니다 비오는데 고생많으셨어요 , 269 , 3 , Sun May 16 21:33:47 KST 2021 
 , leeh**** , 청와대 국민청원이 40만명이 넘었는데 아직도 비공개되는 이유를 묻고싶네요. 정권에 불리한 사건은 계속 비공개 처리한다 이건가요? 이럴거면 국민청원을 없애든가...아무튼 이사건 진실규명될까지 끝까지 지켜볼겁니다. , 254 , 2 , Sun May 16 21:33:47 KST 2021 
 , swep**** , 진압과정에서 여경이 중년여성 목조르고 욕한거 유튜브 다 찍힘;; , 230 , 10 , Sun May 16 21:33:47 KST 2021 
 , orgi**** , 정민아~~~~비온날 국민들 봤지~? 아빠는 더이상 혼자가 아니셔~~걱정마~!!!!!! 정민아~~엄마 아빠 걱정하지마~~♡♡♡ , 214 , 5 , Sun May 16 21:33:47 KST 2021 
 , chri**** , 오늘 집회 나오신 분들 수고 많으셨습니다! 다음번에는 광화문에서 수십만명이 모여 집회하는 모습 볼 수 있었으면 합니다! , 207 , 7 , Sun May 16 21:33:47 KST 2021 
 , syot**** , 라이브 영상 봤는데 거리두기 다 하고 질서 있고 평화롭게 시위하시는 모습 봤습니다. 참여는 못했지만 정말 감사드리고 응원합니다. , 194 , 0 , Sun May 16 21:33:47 KST 2021 
 , ymsz**** , 살아있다는자체가 지옥이다라는걸 느끼면서 살아라 이친구야 , 173 , 3 , Sun May 16 21:33:47 KST 2021 
 , ourh**** , 새벽4:30분 한강변 중고생들 그냥 뛰며 놀고있었다는 cctv영상 그어떤처리도 하지말고.원본 영상 공개하라 , 169 , 1 , Sun May 16 21:33:47 KST 2021 
 , yepp**** , 실시간 방송버고 있는데 경찰대응이 너무하네요경찰대형버스로 가리고 경찰들 3겹으로 진입막고경찰들 교대하며 병력 시위자 몇십배로 방어하는게 너무 의아하네요 경찰은 거리두기 않고 시민들 행진못하게 방어벽치면서 대부분 1인들로 보이는데 거리두기 충분히 하면서 참여하고 있었는데 뭐가 두려워서 저렇게까지 철벽방어하는지 원..... 누가봐도 과잉대응으로 보여요 ㅊㅊㅊㅅ 서초경찰서장 대답해 보세요 , 163 , 1 , Sun May 16 21:33:47 KST 2021 
 , kang**** , 현장실시간으로 다 봤습니다.어머님들 마스크에 거리두기하시고 최대한 폐끼치지않으시려고 노력하셨습니다.오히려 경찰이 거리두기하지않고 다닥다닥 모여있고 심지어 무단횡단까지 서슴치 않고하시는거 전 국민이다 실시긴으로봤습니다.경찰의 수준을 눈으로확인하니 이런나라가 창피하네요.국민들에게 부끄러운줄 아세요. , 146 , 1 , Sun May 16 21:33:47 KST 2021 
 , kkeo**** , 집안 스펙 ㄷㄷ하더만. 권력의 무서움을 내 이웃같은 청년의 죽음으로 새삼 깨닫다니. 그러면서 무슨 공정한 사회 지향이야. 문 정부는 갈아엎어야함 , 143 , 3 , Sun May 16 21:33:47 KST 2021 
 , 7173**** , 억울한 죽음이 되지 않기를 바랍니다.그렇게 친한 친구도 아닌데 거절못하고 나간 정민군 억울한 죽음 너무나 안타깝습니다.드러나는 의심의 요소들 그 중에 거짓도 있을거고 팩트도 있을거라 오늘도 그 팩트가 진실을 말해주길 기대하며 이번 사건은 절대 이대로 묻혀 버리면 안됩니다.끝까지 지켜 보겠습니다. , 126 , 0 , Sun May 16 21:33:47 KST 2021 
 , phk2**** , 다들 정민이 엄마의마음으로 비오는날씨에도 수고많네요 정민이의눈물이 비로 내리는것같아요 슬픈진실을 찾고자하는 시민들의모임이니 미신고 집회로 몰지않기를 바랍니다 애궂은날씨에 어떤단체도 아님에불구하고 순수하게 본인일처럼 어려운시간내서 모이신 여러분들이 진정 정민이 부모님입니다 , 126 , 2 , Sun May 16 21:33:47 KST 2021 
 , pcw9**** , 토막살인하고 아무일없었다는듯이 태연하게 지가 죽인 장소에서 영업하고 일상생활을했다는게 개소름 , 231 , 3 , Sun May 16 21:34:11 KST 2021 
 , djdj**** , 장대호 사건도 그렇고 제발 진상좀부리지말자 이건 모텔.노래방.단란주점.마사지샵등등 다 포함되는거임 그냥 본인들이 먹고 스트레스풀고 즐기고간만큼 대가지불하고가면 아무일도 안일어나는거임 , 194 , 21 , Sun May 16 21:34:11 KST 2021 
 , goqu**** , 술을 먹었으면 돈을 내야지 ... , 127 , 2 , Sun May 16 21:34:11 KST 2021 
 , sexy**** , 살인자도 잘못이지만 남의약점 이용해 경찰신고 하겠다는넘도 개양아치지. 노래방에 저런 진상들 수두룩하다. 실컷 쳐먹고 경찰에 신고하겠다면서 오히려 돈뜯어가기도한다. 왜냐면 법적으로 손님은 안걸리거등~ 아주 법이 뭐같애. , 77 , 7 , Sun May 16 21:34:11 KST 2021 
 , pcw9**** , 토막살인에 이미 전과자 사람때리고 죽인게 한두번 한 솜씨가 아닌듯 , 69 , 1 , Sun May 16 21:34:11 KST 2021 
 , ispa**** , 술이 인생을 망친다. , 23 , 2 , Sun May 16 21:34:11 KST 2021 
 , 9560**** , 죽은자는 말이 없다고 단순 술값 안내서 홧김에 죽였다는 살인범 말만듣고 피해자 욕하는 애들은 생각이없는건가.피해자가 술값 안낼려고 무전취식을 한건지 아니면 살인범넘이 술값 덤탱이 씌울려다 피해자가 항의하고 반항해서 죽였는지 니들이 어케알고 함부로 지껄여 , 23 , 4 , Sun May 16 21:34:11 KST 2021 
 , ejrw**** , 신고자가 전화를 끊기도 전에 지 멋대로 판단하고 끊은 경찰 뭐냐??? 책임져라. , 23 , 4 , Sun May 16 21:34:11 KST 2021 
 , taih**** , 💥💥💥솔직히 동정은 안가네 ㅎㅎㅎ 도우미 불러 실컷 놀고는 심야영업 미끼로 협박 했을듯ㅎㅎㅎ , 20 , 2 , Sun May 16 21:34:11 KST 2021 
 , gkqr**** , 미안한데 피해자가 진상짓했네 , 16 , 0 , Sun May 16 21:34:11 KST 2021 
 , skag**** , 술먹고 객기부리지 맙시다 아무리 김두환이라도 혼자있으면서 술취하면 자기몸 건사하기 쉽지 않습니다 술취한 상태에서 잘 알지도 모르는 사람에게 별일도 아닌걸루 칼맞고 인생쫑나ㄴ 얼마나 허무하고 무의미한 인생이겠습니까 정도를 지키고 경우에 맞게 삽시다 , 14 , 0 , Sun May 16 21:34:11 KST 2021 
 , snul**** , 무섭네. 인천은 가지 말아야겠다. 집값 싼 이유가 있었어. , 13 , 3 , Sun May 16 21:34:11 KST 2021 
 , dlrm**** , 112경찰도 구속수사하여 엄중 처벌하고 민사책임도 물어라 서장 .청장도 파면하라 이게 경찰이냐 도데체 뭐하는놈등이냐 경찰 수사권 뺏고 경찰 해체해라 , 10 , 3 , Sun May 16 21:34:11 KST 2021 
 , zooz**** , 쳐먹었으면 돈 제때제때 좀 내라 , 8 , 1 , Sun May 16 21:34:11 KST 2021 
 , sgoj**** , 정민이 사건도 그렇고 견찰 이라는 인간은 도대체 뭘까? 차만 있는 도로나 인적 드문곳에 차 대놓고 잠이나 자거나 유튜브 시청하고 그러니 이러지... , 11 , 5 , Sun May 16 21:34:12 KST 2021 
 , happ**** , 지인 다 떠나고 혼자남았으니 호구잡았다 생각해서 가짜양주 같은걸로 덤탱이 씌울려고 했겠지ㅋ니들같으면 술값 50나왔는데 200달라하면 고분고분 내겠냐 , 8 , 3 , Sun May 16 21:34:12 KST 2021 
 , armo**** , 힌강 공원에 들어간 두 사람이 한사람만 살아나왔는데 이건 왜 집요하게 추궁을 안 하냐? , 5 , 0 , Sun May 16 21:34:12 KST 2021 
 , dlst**** , 4월22일이면 유흥주점,단란주점응 집합금지인데 영업을했다는것은 노래주점이 아니고 노래방입니다. 그런 노래방에서 손님 혼자만 있었다는것은 말도 안되는소리. 그렇다면 업주는 살인및 사체유기에 주류판매, 도우미고용 등등 관련 죄목이 많아지네요. 노래주점이라함은 유흥주점을 뜻하는말이므로 기자는 제목및 내용을 정정해 주시기 바랍니다. , 5 , 0 , Sun May 16 21:34:12 KST 2021 
 , yjb6**** , 손님놈도 좋은놈은아니네. , 4 , 0 , Sun May 16 21:34:12 KST 2021 
 , shin**** , ㅋ 🐑아치네 새벽까지 지가놀아놓고 술값내기싫어서 코로나방역법위반으로 신고하시겠다? 요즘세상 얼마나무서운지모르네 , 4 , 0 , Sun May 16 21:34:12 KST 2021 
 , null ,  
